{
  "config": {
    "device": "cuda",
    "logging": true,
    "disable_tqdm": true,
    "delete_ckpt": true,
    "seeds": [
      1234567891
    ],
    "epochs": 100,
    "patience": 10,
    "dataset": {
      "name": "lavdf",
      "backbone": "ma22",
      "params": {
        "max_length": 512,
        "partition": "whole"
      }
    },
    "dataloader": {
      "batch_size": 64,
      "workers": 4
    },
    "model": {
      "type": {
        "reconstruction": "cnn",
        "encoder": "cnn"
      },
      "d_model": 128,
      "win_size": 15,
      "num_heads": 8,
      "operation": "subtraction",
      "reconstruction": {
        "nlayers": {
          "pre": 2,
          "downsample": 3,
          "upsample": 3,
          "post": 2
        },
        "modality": [
          "av",
          "aa",
          "vv"
        ]
      },
      "encoder": {
        "nlayers": {
          "retain": 2,
          "downsample": 2
        },
        "fpn": true
      },
      "conv": {
        "use_ln": true,
        "use_rl": true,
        "use_do": false
      },
      "dropout": {
        "main": 0.1,
        "head": 0.5
      }
    },
    "criterion": {
      "composition": [
        "focal",
        "diou",
        "rec"
      ],
      "params": {
        "alpha": 0.98,
        "gamma": 2
      }
    },
    "optimization": {
      "lr": 0.001,
      "scheduler": {
        "name": "reduceonplateau",
        "params": {}
      },
      "optimizer": {
        "name": "adam",
        "params": {}
      }
    }
  },
  "results": [
    {
     "seed": 1234567891,
      "training": [
        {
          "loss": 0.16703969428573198,
          "ap": 87.27786851090065,
          "vloss": 0.11421232153689885,
          "vap@0.5": 95.64792513847351,
          "vap@0.75": 74.87602233886719,
          "vap@0.95": 0.870438851416111,
          "var@100": 80.10592460632324,
          "var@50": 79.13054823875427,
          "var@20": 77.55948901176453,
          "var@10": 75.77060461044312,
          "epoch": 1,
          "duration": "0:09:25.481430"
        },
        {
          "loss": 0.09983024335489041,
          "ap": 96.81857568797696,
          "vloss": 0.0968988627558064,
          "vap@0.5": 96.74557447433472,
          "vap@0.75": 82.83534049987793,
          "vap@0.95": 11.136246472597122,
          "var@100": 87.55577206611633,
          "var@50": 86.70645952224731,
          "var@20": 85.24543046951294,
          "var@10": 83.95524024963379,
          "epoch": 2,
          "duration": "0:08:56.741710"
        },
        {
          "loss": 0.0870438505054974,
          "ap": 97.84070579986465,
          "vloss": 0.09096077488051467,
          "vap@0.5": 96.83309197425842,
          "vap@0.75": 84.11120772361755,
          "vap@0.95": 12.667948007583618,
          "var@100": 89.25326466560364,
          "var@50": 88.31518292427063,
          "var@20": 86.85340881347656,
          "var@10": 85.22342443466187,
          "epoch": 3,
          "duration": "0:08:57.764468"
        },
        {
          "loss": 0.07910400368878996,
          "ap": 98.34243507989075,
          "vloss": 0.08696652985882565,
          "vap@0.5": 97.3742127418518,
          "vap@0.75": 88.56134414672852,
          "vap@0.95": 21.11620604991913,
          "var@100": 91.0917580127716,
          "var@50": 90.48489332199097,
          "var@20": 89.57664370536804,
          "var@10": 88.42446208000183,
          "epoch": 4,
          "duration": "0:08:57.967024"
        },
        {
          "loss": 0.07369493534409903,
          "ap": 98.58964198991413,
          "vloss": 0.08270578309289099,
          "vap@0.5": 97.3223626613617,
          "vap@0.75": 89.75028991699219,
          "vap@0.95": 21.342240273952484,
          "var@100": 91.91309213638306,
          "var@50": 91.25140309333801,
          "var@20": 90.40171504020691,
          "var@10": 89.55987095832825,
          "epoch": 5,
          "duration": "0:08:59.336134"
        },
        {
          "loss": 0.07005936041837785,
          "ap": 98.8017872805856,
          "vloss": 0.08188521115460695,
          "vap@0.5": 97.42496013641357,
          "vap@0.75": 90.79131484031677,
          "vap@0.95": 26.645883917808533,
          "var@100": 92.58037805557251,
          "var@50": 92.14807748794556,
          "var@20": 91.39574766159058,
          "var@10": 90.35844802856445,
          "epoch": 6,
          "duration": "0:08:58.890243"
        },
        {
          "loss": 0.06708543321223763,
          "ap": 98.97951512924827,
          "vloss": 0.07982045647066699,
          "vap@0.5": 97.5333571434021,
          "vap@0.75": 90.47890305519104,
          "vap@0.95": 26.669201254844666,
          "var@100": 91.50093197822571,
          "var@50": 90.91085195541382,
          "var@20": 90.04775285720825,
          "var@10": 89.10518884658813,
          "epoch": 7,
          "duration": "0:09:00.023492"
        },
        {
          "loss": 0.06462005198728747,
          "ap": 99.13404520595304,
          "vloss": 0.08266380504831582,
          "vap@0.5": 97.35767841339111,
          "vap@0.75": 91.51520729064941,
          "vap@0.95": 32.68217146396637,
          "var@100": 92.45840907096863,
          "var@50": 92.01194047927856,
          "var@20": 91.4155125617981,
          "var@10": 90.5281662940979,
          "epoch": 8,
          "duration": "0:09:01.315866"
        },
        {
          "loss": 0.06334796929656247,
          "ap": 99.23006744276411,
          "vloss": 0.07749250385358658,
          "vap@0.5": 97.76371121406555,
          "vap@0.75": 90.67084789276123,
          "vap@0.95": 26.32260024547577,
          "var@100": 92.28496551513672,
          "var@50": 91.76761507987976,
          "var@20": 91.04475975036621,
          "var@10": 90.1559054851532,
          "epoch": 9,
          "duration": "0:09:01.508093"
        },
        {
          "loss": 0.061733918119131065,
          "ap": 99.34566620140622,
          "vloss": 0.08527124447948309,
          "vap@0.5": 97.44194149971008,
          "vap@0.75": 91.22797846794128,
          "vap@0.95": 24.794647097587585,
          "var@100": 92.53114461898804,
          "var@50": 92.08354949951172,
          "var@20": 91.44684672355652,
          "var@10": 90.58337211608887,
          "epoch": 10,
          "duration": "0:09:02.096182"
        },
        {
          "loss": 0.06080658430672758,
          "ap": 99.40199767623022,
          "vloss": 0.08142205664007707,
          "vap@0.5": 97.85276651382446,
          "vap@0.75": 91.60012006759644,
          "vap@0.95": 20.82703411579132,
          "var@100": 92.40320920944214,
          "var@50": 91.9298768043518,
          "var@20": 91.11526608467102,
          "var@10": 90.0391697883606,
          "epoch": 11,
          "duration": "0:08:59.176947"
        },
        {
          "loss": 0.059637373260305666,
          "ap": 99.49232728843054,
          "vloss": 0.07944892572038798,
          "vap@0.5": 97.71572947502136,
          "vap@0.75": 91.4256751537323,
          "vap@0.95": 16.12345576286316,
          "var@100": 91.56508445739746,
          "var@50": 91.03543162345886,
          "var@20": 90.09100794792175,
          "var@10": 88.99067640304565,
          "epoch": 12,
          "duration": "0:08:56.917473"
        },
        {
          "loss": 0.058351562319065985,
          "ap": 99.60342902058731,
          "vloss": 0.08062186168457625,
          "vap@0.5": 97.710520029068,
          "vap@0.75": 91.50936603546143,
          "vap@0.95": 27.642130851745605,
          "var@100": 92.31704473495483,
          "var@50": 91.84259176254272,
          "var@20": 91.13912582397461,
          "var@10": 90.20589590072632,
          "epoch": 13,
          "duration": "0:08:58.840197"
        },
        {
          "loss": 0.05731055446847425,
          "ap": 99.67880937414805,
          "vloss": 0.0808800144940917,
          "vap@0.5": 97.49756455421448,
          "vap@0.75": 91.3306713104248,