{
  "config": {
    "device": "cuda",
    "logging": true,
    "disable_tqdm": true,
    "delete_ckpt": true,
    "seeds": [
      0
    ],
    "epochs": 100,
    "patience": 10,
    "dataset": {
      "name": "avdeepfake1m",
      "backbone": "avhubert",
      "params": {
        "max_length": 512,
        "partition": "whole"
      }
    },
    "dataloader": {
      "batch_size": 64,
      "workers": 4
    },
    "model": {
      "type": {
        "reconstruction": "cnn",
        "encoder": "cnn"
      },
      "d_model": 32,
      "win_size": 15,
      "num_heads": 8,
      "operation": "subtraction",
      "reconstruction": {
        "nlayers": {
          "pre": 2,
          "downsample": 1,
          "upsample": 1,
          "post": 2
        },
        "modality": [
          "av",
          "aa",
          "vv"
        ]
      },
      "encoder": {
        "nlayers": {
          "retain": 1,
          "downsample": 1
        },
        "fpn": true
      },
      "conv": {
        "use_ln": true,
        "use_rl": true,
        "use_do": false
      },
      "dropout": {
        "main": 0.1,
        "head": 0.5
      }
    },
    "criterion": {
      "composition": [
        "focal",
        "diou",
        "rec"
      ],
      "params": {
        "alpha": 0.98,
        "gamma": 2
      }
    },
    "optimization": {
      "lr": 0.001,
      "scheduler": {
        "name": "reduceonplateau",
        "params": {}
      },
      "optimizer": {
        "name": "adam",
        "params": {}
      }
    }
  },
  "results": [
    {
      "seed": 0,
      "training": [
        {
          "loss": 0.11069755352822677,
          "ap": 93.36478569392528,
          "vloss": 0.08797736845528041,
          "vap@0.5": 96.00971341133118,
          "vap@0.75": 83.63327383995056,
          "vap@0.9": 33.93730819225311,
          "vap@0.95": 7.874724268913269,
          "var@50": 85.46414375305176,
          "var@30": 84.81807708740234,
          "var@20": 84.274423122406,
          "var@10": 83.12122225761414,
          "var@5": 81.61543011665344,
          "epoch": 1,
          "duration": "2:15:54.582198"
        },
        {
          "loss": 0.08380697096792236,
          "ap": 97.65764445400195,
          "vloss": 0.08291377578279935,
          "vap@0.5": 96.75772190093994,
          "vap@0.75": 86.14721894264221,
          "vap@0.9": 34.752464294433594,
          "vap@0.95": 8.231087774038315,
          "var@50": 85.87212562561035,
          "var@30": 85.40010452270508,
          "var@20": 84.95756983757019,
          "var@10": 83.98115038871765,
          "var@5": 82.64994621276855,
          "epoch": 2,
          "duration": "2:02:27.546327"
        },
        {
          "loss": 0.07875494271305934,
          "ap": 98.28826718914979,
          "vloss": 0.0786735647374631,
          "vap@0.5": 97.61810898780823,
          "vap@0.75": 88.09096813201904,
          "vap@0.9": 39.224934577941895,
          "vap@0.95": 9.899619221687317,
          "var@50": 85.98266839981079,
          "var@30": 85.56112051010132,
          "var@20": 85.16038656234741,
          "var@10": 84.33176875114441,
          "var@5": 83.2292377948761,
          "epoch": 3,
          "duration": "2:03:33.247128"
        },
        {
          "loss": 0.07584281883092268,
          "ap": 98.61979811290884,
          "vloss": 0.07726550049431223,
          "vap@0.5": 98.00496697425842,
          "vap@0.75": 88.01249861717224,
          "vap@0.9": 36.66274547576904,
          "vap@0.95": 9.113157540559769,
          "var@50": 86.38955950737,
          "var@30": 85.96601486206055,
          "var@20": 85.60417890548706,
          "var@10": 84.8050594329834,
          "var@5": 83.68515968322754,
          "epoch": 4,
          "duration": "2:08:00.683922"
        },
        {
          "loss": 0.07377134465179558,
          "ap": 98.84076469255508,
          "vloss": 0.0771450646446153,
          "vap@0.5": 98.07717800140381,
          "vap@0.75": 89.90955352783203,
          "vap@0.9": 42.47598350048065,
          "vap@0.95": 10.011862218379974,
          "var@50": 87.38714456558228,
          "var@30": 86.96632385253906,
          "var@20": 86.56740188598633,
          "var@10": 85.708749294281,
          "var@5": 84.56209301948547,
          "epoch": 5,
          "duration": "2:02:49.630739"
        },
        {
          "loss": 0.07224526634746539,
          "ap": 98.98398997922709,
          "vloss": 0.0755729590268207,
          "vap@0.5": 98.12785387039185,
          "vap@0.75": 88.23729157447815,
          "vap@0.9": 37.6521110534668,
          "vap@0.95": 8.679712563753128,
          "var@50": 86.15652918815613,
          "var@30": 85.74674725532532,
          "var@20": 85.37929654121399,
          "var@10": 84.58271026611328,
          "var@5": 83.50424766540527,
          "epoch": 6,
          "duration": "2:00:11.799571"
        },
        {
          "loss": 0.07103009251829742,
          "ap": 99.09925456836437,
          "vloss": 0.07491705029886882,
          "vap@0.5": 98.28207492828369,
          "vap@0.75": 89.13789391517639,
          "vap@0.9": 40.63678681850433,
          "vap@0.95": 10.762688517570496,
          "var@50": 87.56517171859741,
          "var@30": 87.19501495361328,
          "var@20": 86.79463267326355,
          "var@10": 86.02970242500305,
          "var@5": 84.90872383117676,
          "epoch": 7,
          "duration": "1:56:43.848534"
        },
        {
          "loss": 0.06990856818515746,
          "ap": 99.19832672587377,
          "vloss": 0.0743952279403207,
          "vap@0.5": 98.39721918106079,
          "vap@0.75": 90.29136896133423,
          "vap@0.9": 45.149555802345276,
          "vap@0.95": 12.308430671691895,
          "var@50": 87.0372474193573,
          "var@30": 86.69187426567078,
          "var@20": 86.34451031684875,
          "var@10": 85.62517166137695,
          "var@5": 84.6082091331482,
          "epoch": 8,
          "duration": "1:56:59.160947"
        },
        {
          "loss": 0.06910634935014014,
          "ap": 99.2628167582758,
          "vloss": 0.07374826659049306,
          "vap@0.5": 98.36609959602356,
          "vap@0.75": 90.16567468643188,
          "vap@0.9": 42.39646792411804,
          "vap@0.95": 11.083035916090012,
          "var@50": 86.89830899238586,
          "var@30": 86.57771348953247,
          "var@20": 86.27702593803406,
          "var@10": 85.52910089492798,
          "var@5": 84.42457914352417,
          "epoch": 9,
          "duration": "1:53:55.677004"
        },
        {
          "loss": 0.0683388178687268,
          "ap": 99.33009583044397,
          "vloss": 0.07408673618504379,
          "vap@0.5": 98.27123880386353,
          "vap@0.75": 89.44965600967407,
          "vap@0.9": 40.47697186470032,
          "vap@0.95": 10.360915958881378,
          "var@50": 86.7493987083435,
          "var@30": 86.43985986709595,
          "var@20": 86.14206314086914,
          "var@10": 85.46161651611328,
          "var@5": 84.39871668815613,
          "epoch": 10,
          "duration": "1:46:06.855167"
        },
        {
          "loss": 0.06772406767465902,
          "ap": 99.3730485233995,
          "vloss": 0.07388940140039527,
          "vap@0.5": 98.24283719062805,
          "vap@0.75": 88.78268599510193,
          "vap@0.9": 38.677072525024414,
          "vap@0.95": 9.502318501472473,
          "var@50": 86.89775466918945,
          "var@30": 86.5335762500763,
          "var@20": 86.19922399520874,
          "var@10": 85.4024589061737,
          "var@5": 84.38152074813843,
          "epoch": 11,
          "duration": "1:52:44.595475"
        },
        {
          "loss": 0.06714626081163258,
          "ap": 99.41826051407482,
          "vloss": 0.07403414587107753,
          "vap@0.5": 98.36466908454895,
          "vap@0.75": 89.7742509841919,
          "vap@0.9": 39.737629890441895,
          "vap@0.95": 9.434513002634048,
          "var@50": 86.86211705207825,