{
  "config": {
    "device": "cuda",
    "logging": true,
    "disable_tqdm": true,
    "delete_ckpt": true,
    "seeds": [
      0
    ],
    "epochs": 100,
    "patience": 10,
    "dataset": {
      "name": "avdeepfake1m",
      "backbone": "avhubert",
      "params": {
        "max_length": 512,
        "partition": "whole"
      }
    },
    "dataloader": {
      "batch_size": 64,
      "workers": 4
    },
    "model": {
      "type": {
        "reconstruction": "cnn",
        "encoder": "cnn"
      },
      "d_model": 64,
      "win_size": 15,
      "num_heads": 8,
      "operation": "subtraction",
      "reconstruction": {
        "nlayers": {
          "pre": 2,
          "downsample": 1,
          "upsample": 1,
          "post": 2
        },
        "modality": [
          "av",
          "aa",
          "vv"
        ]
      },
      "encoder": {
        "nlayers": {
          "retain": 3,
          "downsample": 3
        },
        "fpn": true
      },
      "conv": {
        "use_ln": true,
        "use_rl": true,
        "use_do": false
      },
      "dropout": {
        "main": 0.1,
        "head": 0.5
      }
    },
    "criterion": {
      "composition": [
        "focal",
        "diou",
        "rec"
      ],
      "params": {
        "alpha": 0.98,
        "gamma": 2
      }
    },
    "optimization": {
      "lr": 0.001,
      "scheduler": {
        "name": "reduceonplateau",
        "params": {}
      },
      "optimizer": {
        "name": "adam",
        "params": {}
      }
    }
  },
  "results": [
    {
      "seed": 0,
      "training": [
        {
          "loss": 0.1254003417289993,
          "ap": 90.59068121217871,
          "vloss": 0.0963660980799302,
          "vap@0.5": 95.60793042182922,
          "vap@0.75": 82.86941647529602,
          "vap@0.9": 31.93782866001129,
          "vap@0.95": 5.835295841097832,
          "var@50": 84.86186861991882,
          "var@30": 84.2680811882019,
          "var@20": 83.75590443611145,
          "var@10": 82.68522024154663,
          "var@5": 81.16042017936707,
          "epoch": 1,
          "duration": "3:02:47.992412"
        },
        {
          "loss": 0.0887307511511583,
          "ap": 97.13866564267167,
          "vloss": 0.0854917997036994,
          "vap@0.5": 96.67613506317139,
          "vap@0.75": 85.26657223701477,
          "vap@0.9": 34.444135427474976,
          "vap@0.95": 7.788900285959244,
          "var@50": 85.28757095336914,
          "var@30": 84.76778864860535,
          "var@20": 84.3160331249237,
          "var@10": 83.32965970039368,
          "var@5": 82.09758996963501,
          "epoch": 2,
          "duration": "2:46:10.136792"
        },
        {
          "loss": 0.0813284940960119,
          "ap": 98.05321145081332,
          "vloss": 0.08237762857710809,
          "vap@0.5": 97.23516702651978,
          "vap@0.75": 85.88317632675171,
          "vap@0.9": 33.20477604866028,
          "vap@0.95": 7.334275543689728,
          "var@50": 85.27020215988159,
          "var@30": 84.772127866745,
          "var@20": 84.32055711746216,
          "var@10": 83.37199091911316,
          "var@5": 82.13051557540894,
          "epoch": 3,
          "duration": "2:51:22.794598"
        },
        {
          "loss": 0.07766762279568314,
          "ap": 98.48772460702693,
          "vloss": 0.079692501624647,
          "vap@0.5": 97.51496911048889,
          "vap@0.75": 86.34217381477356,
          "vap@0.9": 35.387879610061646,
          "vap@0.95": 8.705270290374756,
          "var@50": 85.89003682136536,
          "var@30": 85.47174334526062,
          "var@20": 85.10448336601257,
          "var@10": 84.2740535736084,
          "var@5": 83.12268257141113,
          "epoch": 4,
          "duration": "3:16:29.351894"
        },
        {
          "loss": 0.0751988716873997,
          "ap": 98.74980176937704,
          "vloss": 0.07895272221399605,
          "vap@0.5": 97.48653769493103,
          "vap@0.75": 86.93528771400452,
          "vap@0.9": 36.285847425460815,
          "vap@0.95": 8.492113649845123,
          "var@50": 85.81115007400513,
          "var@30": 85.35884618759155,
          "var@20": 84.97366905212402,
          "var@10": 84.17183756828308,
          "var@5": 83.02950859069824,
          "epoch": 5,
          "duration": "3:08:34.065621"
        },
        {
          "loss": 0.07331062389528108,
          "ap": 98.92708307845463,
          "vloss": 0.07861555489112756,
          "vap@0.5": 97.5745439529419,
          "vap@0.75": 87.09998726844788,
          "vap@0.9": 37.897658348083496,
          "vap@0.95": 8.803313225507736,
          "var@50": 85.55930852890015,
          "var@30": 85.1004958152771,
          "var@20": 84.67985987663269,
          "var@10": 83.84346961975098,
          "var@5": 82.67562985420227,
          "epoch": 6,
          "duration": "3:05:08.493097"
        },
        {
          "loss": 0.07191562253061688,
          "ap": 99.05649018582842,
          "vloss": 0.07673587035138293,
          "vap@0.5": 97.90968298912048,
          "vap@0.75": 87.68556118011475,
          "vap@0.9": 36.54264807701111,
          "vap@0.95": 9.243951737880707,
          "var@50": 86.69549226760864,
          "var@30": 86.31049990653992,
          "var@20": 85.9309196472168,
          "var@10": 85.11678576469421,
          "var@5": 83.95980596542358,
          "epoch": 7,
          "duration": "3:10:34.687481"
        },
        {
          "loss": 0.07070185560685156,
          "ap": 99.16018196589623,
          "vloss": 0.0765912367247178,
          "vap@0.5": 98.01554083824158,
          "vap@0.75": 88.825124502182,
          "vap@0.9": 40.79103469848633,
          "vap@0.95": 11.127190291881561,
          "var@50": 86.92688941955566,
          "var@30": 86.58458590507507,
          "var@20": 86.24048233032227,
          "var@10": 85.47952771186829,
          "var@5": 84.32453274726868,
          "epoch": 8,
          "duration": "3:20:37.535651"
        },
        {
          "loss": 0.06974012374520097,
          "ap": 99.23951120011385,
          "vloss": 0.07580121508882647,
          "vap@0.5": 98.03184866905212,
          "vap@0.75": 87.51041293144226,
          "vap@0.9": 36.43781542778015,
          "vap@0.95": 9.269172698259354,
          "var@50": 86.38069033622742,
          "var@30": 86.02663278579712,
          "var@20": 85.66840887069702,
          "var@10": 84.94383096694946,
          "var@5": 83.85089039802551,
          "epoch": 9,
          "duration": "3:00:11.246391"
        },
        {
          "loss": 0.06882698776034277,
          "ap": 99.31237139224993,
          "vloss": 0.0753492466215643,
          "vap@0.5": 98.03115129470825,
          "vap@0.75": 88.22155594825745,
          "vap@0.9": 38.05369734764099,
          "vap@0.95": 9.758253395557404,
          "var@50": 86.66220903396606,
          "var@30": 86.34233474731445,
          "var@20": 86.02229356765747,
          "var@10": 85.29155850410461,
          "var@5": 84.27532911300659,
          "epoch": 10,
          "duration": "3:03:53.263588"
        },
        {
          "loss": 0.06800634220600332,
          "ap": 99.36663077076244,
          "vloss": 0.07469099851108954,
          "vap@0.5": 98.0542004108429,
          "vap@0.75": 88.80867958068848,
          "vap@0.9": 39.17208015918732,
          "vap@0.95": 10.211454331874847,
          "var@50": 86.41867637634277,
          "var@30": 86.11782193183899,
          "var@20": 85.84100604057312,
          "var@10": 85.21339297294617,
          "var@5": 84.2695415019989,
          "epoch": 11,
          "duration": "2:59:24.771458"
        },
        {
          "loss": 0.06727229216779818,
          "ap": 99.42460103435619,
          "vloss": 0.0754204328196855,
          "vap@0.5": 98.21611046791077,
          "vap@0.75": 89.43078517913818,
          "vap@0.9": 39.74001109600067,
          "vap@0.95": 10.039568692445755,
          "var@50": 86.80566549301147,