{
  "config": {
    "device": "cuda",
    "logging": true,
    "disable_tqdm": true,
    "delete_ckpt": true,
    "seeds": [
      0
    ],
    "epochs": 100,
    "patience": 10,
    "dataset": {
      "name": "avdeepfake1m",
      "backbone": "avhubert",
      "params": {
        "max_length": 512,
        "partition": "whole"
      }
    },
    "dataloader": {
      "batch_size": 64,
      "workers": 4
    },
    "model": {
      "type": {
        "reconstruction": "cnn",
        "encoder": "cnn"
      },
      "d_model": 128,
      "win_size": 15,
      "num_heads": 8,
      "operation": "subtraction",
      "reconstruction": {
        "nlayers": {
          "pre": 2,
          "downsample": 1,
          "upsample": 1,
          "post": 2
        },
        "modality": [
          "av",
          "aa",
          "vv"
        ]
      },
      "encoder": {
        "nlayers": {
          "retain": 1,
          "downsample": 1
        },
        "fpn": true
      },
      "conv": {
        "use_ln": true,
        "use_rl": true,
        "use_do": false
      },
      "dropout": {
        "main": 0.1,
        "head": 0.5
      }
    },
    "criterion": {
      "composition": [
        "focal",
        "diou",
        "rec"
      ],
      "params": {
        "alpha": 0.98,
        "gamma": 2
      }
    },
    "optimization": {
      "lr": 0.001,
      "scheduler": {
        "name": "reduceonplateau",
        "params": {}
      },
      "optimizer": {
        "name": "adam",
        "params": {}
      }
    }
  },
  "results": [
    {
      "seed": 0,
      "training": [
        {
          "loss": 0.10829379871602635,
          "ap": 93.66979862945664,
          "vloss": 0.08579238850506954,
          "vap@0.5": 97.08119630813599,
          "vap@0.75": 85.58958768844604,
          "vap@0.9": 35.685795545578,
          "vap@0.95": 7.953640818595886,
          "var@50": 85.99749803543091,
          "var@30": 85.4547381401062,
          "var@20": 84.96662378311157,
          "var@10": 83.99019241333008,
          "var@5": 82.61466026306152,
          "epoch": 1,
          "duration": "2:43:50.830529"
        },
        {
          "loss": 0.07987240425759917,
          "ap": 98.2791360864552,
          "vloss": 0.07929546749801375,
          "vap@0.5": 97.78052568435669,
          "vap@0.75": 87.38222122192383,
          "vap@0.9": 35.12679636478424,
          "vap@0.95": 7.810663431882858,
          "var@50": 85.37894487380981,
          "var@30": 85.01601219177246,
          "var@20": 84.6718966960907,
          "var@10": 83.91836881637573,
          "var@5": 82.8769862651825,
          "epoch": 2,
          "duration": "2:56:29.416182"
        },
        {
          "loss": 0.07440732231469087,
          "ap": 98.86375072303119,
          "vloss": 0.07643294592604175,
          "vap@0.5": 98.12945127487183,
          "vap@0.75": 88.41165900230408,
          "vap@0.9": 37.20101714134216,
          "vap@0.95": 8.670411258935928,
          "var@50": 86.54424548149109,
          "var@30": 86.10984683036804,
          "var@20": 85.72105169296265,
          "var@10": 84.81899499893188,
          "var@5": 83.68154764175415,
          "epoch": 3,
          "duration": "2:48:11.988628"
        },
        {
          "loss": 0.07120601045224163,
          "ap": 99.14478864971782,
          "vloss": 0.07424479981585007,
          "vap@0.5": 98.50301742553711,
          "vap@0.75": 89.44306969642639,
          "vap@0.9": 38.100287318229675,
          "vap@0.95": 9.360424429178238,
          "var@50": 86.99709177017212,
          "var@30": 86.69766187667847,
          "var@20": 86.40149235725403,
          "var@10": 85.73787808418274,
          "var@5": 84.7663402557373,
          "epoch": 4,
          "duration": "2:46:28.625812"
        },
        {
          "loss": 0.06892146979862789,
          "ap": 99.31633961991196,
          "vloss": 0.07344857032460693,
          "vap@0.5": 98.62303137779236,
          "vap@0.75": 90.84678888320923,
          "vap@0.9": 41.47399067878723,
          "vap@0.95": 9.715470671653748,
          "var@50": 87.69887685775757,
          "var@30": 87.3730480670929,
          "var@20": 87.07542419433594,
          "var@10": 86.3179087638855,
          "var@5": 85.22478938102722,
          "epoch": 5,
          "duration": "2:49:34.882007"
        },
        {
          "loss": 0.06714266674867855,
          "ap": 99.4462402904289,
          "vloss": 0.07260074376660798,
          "vap@0.5": 98.58093857765198,
          "vap@0.75": 89.99630808830261,
          "vap@0.9": 39.20980989933014,
          "vap@0.95": 9.728705883026123,
          "var@50": 87.03001141548157,
          "var@30": 86.71321868896484,
          "var@20": 86.40891909599304,
          "var@10": 85.67944765090942,
          "var@5": 84.66050028800964,
          "epoch": 6,
          "duration": "3:06:02.270221"
        },
        {
          "loss": 0.06569626741031405,
          "ap": 99.5381423686023,
          "vloss": 0.07301641869292196,
          "vap@0.5": 98.64477515220642,
          "vap@0.75": 90.11291265487671,
          "vap@0.9": 40.82488715648651,
          "vap@0.95": 11.516157537698746,
          "var@50": 87.69327402114868,
          "var@30": 87.44142651557922,
          "var@20": 87.19465136528015,
          "var@10": 86.56161427497864,
          "var@5": 85.54846048355103,
          "epoch": 7,
          "duration": "2:56:46.193047"
        },
        {
          "loss": 0.06451775888348474,
          "ap": 99.60508620981632,
          "vloss": 0.07244540746822688,
          "vap@0.5": 98.5774576663971,
          "vap@0.75": 90.09127020835876,
          "vap@0.9": 40.70379436016083,
          "vap@0.95": 10.628880560398102,
          "var@50": 87.27715611457825,
          "var@30": 86.99418902397156,
          "var@20": 86.69675588607788,
          "var@10": 85.98393201828003,
          "var@5": 84.9280834197998,
          "epoch": 8,
          "duration": "3:04:39.024139"
        },
        {
          "loss": 0.0635472867134671,
          "ap": 99.65697757168574,
          "vloss": 0.07168738310325093,
          "vap@0.5": 98.775315284729,
          "vap@0.75": 91.02200269699097,
          "vap@0.9": 40.26288688182831,
          "vap@0.95": 10.43681725859642,
          "var@50": 87.2885525226593,
          "var@30": 87.0658278465271,
          "var@20": 86.81219220161438,
          "var@10": 86.20519638061523,
          "var@5": 85.21230816841125,
          "epoch": 9,
          "duration": "3:06:39.545516"
        },
        {
          "loss": 0.06265067381154918,
          "ap": 99.69679107283149,
          "vloss": 0.07146289004595019,
          "vap@0.5": 98.67093563079834,
          "vap@0.75": 90.43146967887878,
          "vap@0.9": 39.82227444648743,
          "vap@0.95": 10.163330286741257,
          "var@50": 86.83660626411438,
          "var@30": 86.57318949699402,
          "var@20": 86.31266355514526,
          "var@10": 85.67781448364258,
          "var@5": 84.72979664802551,
          "epoch": 10,
          "duration": "3:12:07.446431"
        },
        {
          "loss": 0.06186535603064871,
          "ap": 99.73152424029247,
          "vloss": 0.06993190217846339,
          "vap@0.5": 98.6921489238739,
          "vap@0.75": 90.2051031589508,
          "vap@0.9": 39.73481059074402,
          "vap@0.95": 10.45413464307785,
          "var@50": 87.1246337890625,
          "var@30": 86.87170743942261,
          "var@20": 86.61443591117859,
          "var@10": 86.05486154556274,
          "var@5": 85.1730465888977,
          "epoch": 11,
          "duration": "2:51:59.776187"
        },
        {
          "loss": 0.06115218654616798,
          "ap": 99.76329643744857,
          "vloss": 0.0722840496767146,
          "vap@0.5": 98.60784411430359,
          "vap@0.75": 90.76420068740845,
          "vap@0.9": 42.43496358394623,
          "vap@0.95": 11.036312580108643,
          "var@50": 87.35042810440063,