{
  "config": {
    "device": "cuda",
    "logging": true,
    "disable_tqdm": true,
    "delete_ckpt": true,
    "seeds": [
      0
    ],
    "epochs": 100,
    "patience": 10,
    "dataset": {
      "name": "avdeepfake1m",
      "backbone": "avhubert",
      "params": {
        "max_length": 512,
        "partition": "whole"
      }
    },
    "dataloader": {
      "batch_size": 64,
      "workers": 4
    },
    "model": {
      "type": {
        "reconstruction": "cnn",
        "encoder": "cnn"
      },
      "d_model": 256,
      "win_size": 15,
      "num_heads": 8,
      "operation": "subtraction",
      "reconstruction": {
        "nlayers": {
          "pre": 2,
          "downsample": 3,
          "upsample": 3,
          "post": 2
        },
        "modality": [
          "av",
          "aa",
          "vv"
        ]
      },
      "encoder": {
        "nlayers": {
          "retain": 3,
          "downsample": 3
        },
        "fpn": true
      },
      "conv": {
        "use_ln": true,
        "use_rl": true,
        "use_do": false
      },
      "dropout": {
        "main": 0.1,
        "head": 0.5
      }
    },
    "criterion": {
      "composition": [
        "focal",
        "diou",
        "rec"
      ],
      "params": {
        "alpha": 0.98,
        "gamma": 2
      }
    },
    "optimization": {
      "lr": 0.001,
      "scheduler": {
        "name": "reduceonplateau",
        "params": {}
      },
      "optimizer": {
        "name": "adam",
        "params": {}
      }
    }
  },
  "results": [
    {
      "seed": 0,
      "training": [
        {
          "loss": 0.12576595205928665,
          "ap": 90.82739313887882,
          "vloss": 0.09336648930496137,
          "vap@0.5": 95.76820135116577,
          "vap@0.75": 84.5349669456482,
          "vap@0.9": 36.30465269088745,
          "vap@0.95": 8.07812511920929,
          "var@50": 84.84359979629517,
          "var@30": 84.12660360336304,
          "var@20": 83.5369884967804,
          "var@10": 82.38922953605652,
          "var@5": 81.13075494766235,
          "epoch": 1,
          "duration": "2:08:56.619451"
        },
        {
          "loss": 0.08679546702327287,
          "ap": 97.43271224580955,
          "vloss": 0.08467768823694703,
          "vap@0.5": 96.90505862236023,
          "vap@0.75": 85.25644540786743,
          "vap@0.9": 31.681877374649048,
          "vap@0.95": 6.740470230579376,
          "var@50": 85.08621454238892,
          "var@30": 84.60351824760437,
          "var@20": 84.18070673942566,
          "var@10": 83.31753015518188,
          "var@5": 82.09107518196106,
          "epoch": 2,
          "duration": "2:16:12.773679"
        },
        {
          "loss": 0.0789995060562704,
          "ap": 98.37090281071045,
          "vloss": 0.08268567510614437,
          "vap@0.5": 97.2298264503479,
          "vap@0.75": 86.71976327896118,
          "vap@0.9": 36.4587277173996,
          "vap@0.95": 9.016475081443787,
          "var@50": 85.34311056137085,
          "var@30": 84.88954305648804,
          "var@20": 84.47993993759155,
          "var@10": 83.65694284439087,
          "var@5": 82.57033228874207,
          "epoch": 3,
          "duration": "2:14:07.738885"
        },
        {
          "loss": 0.07491537479623453,
          "ap": 98.80676284227448,
          "vloss": 0.0784037549372962,
          "vap@0.5": 97.81690239906311,
          "vap@0.75": 88.04567456245422,
          "vap@0.9": 39.27124738693237,
          "vap@0.95": 10.338903218507767,
          "var@50": 86.11510396003723,
          "var@30": 85.73969006538391,
          "var@20": 85.36373972892761,
          "var@10": 84.58089828491211,
          "var@5": 83.45394134521484,
          "epoch": 4,
          "duration": "2:18:02.913152"
        },
        {
          "loss": 0.0722726004182219,
          "ap": 99.05571526574445,
          "vloss": 0.07683058892975428,
          "vap@0.5": 98.0086624622345,
          "vap@0.75": 88.01799416542053,
          "vap@0.9": 37.817591428756714,
          "vap@0.95": 9.3327134847641,
          "var@50": 85.95697283744812,
          "var@30": 85.62933206558228,
          "var@20": 85.31091809272766,
          "var@10": 84.62051153182983,
          "var@5": 83.63685607910156,
          "epoch": 5,
          "duration": "2:15:43.636632"
        },
        {
          "loss": 0.07028513552483624,
          "ap": 99.22725308918037,
          "vloss": 0.0771788039585642,
          "vap@0.5": 97.92814254760742,
          "vap@0.75": 88.13810348510742,
          "vap@0.9": 38.0802184343338,
          "vap@0.95": 9.470951557159424,
          "var@50": 86.32659912109375,
          "var@30": 85.97524762153625,
          "var@20": 85.60273051261902,
          "var@10": 84.79636907577515,
          "var@5": 83.73220562934875,
          "epoch": 6,
          "duration": "2:15:32.431652"
        },
        {
          "loss": 0.06882799488554611,
          "ap": 99.34409752374779,
          "vloss": 0.07709081996082594,
          "vap@0.5": 98.05299043655396,
          "vap@0.75": 88.3890450000763,
          "vap@0.9": 39.05526101589203,
          "vap@0.95": 10.236595571041107,
          "var@50": 86.79555058479309,
          "var@30": 86.49177551269531,
          "var@20": 86.17227673530579,
          "var@10": 85.43990850448608,
          "var@5": 84.36776995658875,
          "epoch": 7,
          "duration": "2:15:59.311449"
        },
        {
          "loss": 0.06754604300750039,
          "ap": 99.43318071308377,
          "vloss": 0.0763198035295188,
          "vap@0.5": 98.1639564037323,
          "vap@0.75": 88.48302364349365,
          "vap@0.9": 37.95161545276642,
          "vap@0.95": 9.955383837223053,
          "var@50": 86.57010793685913,
          "var@30": 86.22401356697083,
          "var@20": 85.87629199028015,
          "var@10": 85.11335253715515,
          "var@5": 84.10688638687134,
          "epoch": 8,
          "duration": "1:40:56.629250"
        },
        {
          "loss": 0.06652876781459457,
          "ap": 99.51416486078453,
          "vloss": 0.07573346786999277,
          "vap@0.5": 98.0920135974884,
          "vap@0.75": 88.5492205619812,
          "vap@0.9": 37.98653483390808,
          "vap@0.95": 9.949404746294022,
          "var@50": 86.32588386535645,
          "var@30": 86.02590560913086,
          "var@20": 85.72124242782593,
          "var@10": 85.06431579589844,
          "var@5": 84.0728759765625,
          "epoch": 9,
          "duration": "1:39:05.387687"
        },
        {
          "loss": 0.06563210028877058,
          "ap": 99.57124841427417,
          "vloss": 0.07572429084601547,
          "vap@0.5": 98.23575019836426,
          "vap@0.75": 89.2458975315094,
          "vap@0.9": 40.6517893075943,
          "vap@0.95": 10.868307948112488,
          "var@50": 86.57680749893188,
          "var@30": 86.2674355506897,
          "var@20": 85.96747517585754,
          "var@10": 85.30367016792297,
          "var@5": 84.31946635246277,
          "epoch": 10,
          "duration": "1:37:41.433788"
        },
        {
          "loss": 0.06487678398648165,
          "ap": 99.61072359046807,
          "vloss": 0.07634463104269733,
          "vap@0.5": 98.09145331382751,
          "vap@0.75": 88.59666585922241,
          "vap@0.9": 38.90553116798401,
          "vap@0.95": 10.659930109977722,
          "var@50": 86.39118075370789,
          "var@30": 86.11040115356445,
          "var@20": 85.85060238838196,
          "var@10": 85.211580991745,
          "var@5": 84.26302075386047,
          "epoch": 11,
          "duration": "1:39:54.345679"
        },
        {
          "loss": 0.06423649488266167,
          "ap": 99.65238821127048,
          "vloss": 0.07590538192640192,
          "vap@0.5": 98.20508360862732,
          "vap@0.75": 88.80454897880554,
          "vap@0.9": 38.895994424819946,
          "vap@0.95": 10.24525761604309,
          "var@50": 86.60286068916321,