{
  "config": {
    "device": "cuda",
    "logging": true,
    "disable_tqdm": true,
    "delete_ckpt": true,
    "seeds": [
      0
    ],
    "epochs": 100,
    "patience": 10,
    "dataset": {
      "name": "avdeepfake1m",
      "backbone": "avhubert",
      "params": {
        "max_length": 512,
        "partition": "whole"
      }
    },
    "dataloader": {
      "batch_size": 64,
      "workers": 4
    },
    "model": {
      "type": {
        "reconstruction": "cnn",
        "encoder": "cnn"
      },
      "d_model": 128,
      "win_size": 15,
      "num_heads": 8,
      "operation": "subtraction",
      "reconstruction": {
        "nlayers": {
          "pre": 2,
          "downsample": 1,
          "upsample": 1,
          "post": 2
        },
        "modality": [
          "av",
          "aa",
          "vv"
        ]
      },
      "encoder": {
        "nlayers": {
          "retain": 3,
          "downsample": 3
        },
        "fpn": true
      },
      "conv": {
        "use_ln": true,
        "use_rl": true,
        "use_do": false
      },
      "dropout": {
        "main": 0.1,
        "head": 0.5
      }
    },
    "criterion": {
      "composition": [
        "focal",
        "diou",
        "rec"
      ],
      "params": {
        "alpha": 0.98,
        "gamma": 2
      }
    },
    "optimization": {
      "lr": 0.001,
      "scheduler": {
        "name": "reduceonplateau",
        "params": {}
      },
      "optimizer": {
        "name": "adam",
        "params": {}
      }
    }
  },
  "results": [
    {
      "seed": 0,
      "training": [
        {
          "loss": 0.14116882516093565,
          "ap": 93.72131042586732,
          "vloss": 0.1178557524939866,
          "vap@0.5": 58.33590626716614,
          "vap@0.75": 40.26997089385986,
          "vap@0.9": 15.422376990318298,
          "vap@0.95": 3.1119484454393387,
          "var@50": 83.95835757255554,
          "var@30": 83.02515745162964,
          "var@20": 82.04964399337769,
          "var@10": 78.7637710571289,
          "var@5": 70.64642310142517,
          "epoch": 1,
          "duration": "1:32:30.281381"
        },
        {
          "loss": 0.1135129906064599,
          "ap": 98.3822228631382,
          "vloss": 0.11266401765169576,
          "vap@0.5": 60.19483804702759,
          "vap@0.75": 50.21744966506958,
          "vap@0.9": 19.001807272434235,
          "vap@0.95": 4.477676376700401,
          "var@50": 84.46438908576965,
          "var@30": 83.81379842758179,
          "var@20": 83.19016695022583,
          "var@10": 81.56225085258484,
          "var@5": 77.65726447105408,
          "epoch": 2,
          "duration": "1:32:13.070414"
        },
        {
          "loss": 0.1088458338615007,
          "ap": 98.88292297216562,
          "vloss": 0.10982893352463309,
          "vap@0.5": 58.028167486190796,
          "vap@0.75": 42.1840101480484,
          "vap@0.9": 17.93963760137558,
          "vap@0.95": 4.698307812213898,
          "var@50": 85.16815900802612,
          "var@30": 84.34189558029175,
          "var@20": 83.59506726264954,
          "var@10": 81.4088225364685,
          "var@5": 73.34376573562622,
          "epoch": 3,
          "duration": "1:31:30.190079"
        },
        {
          "loss": 0.10621104375882583,
          "ap": 99.13832139357545,
          "vloss": 0.10872827879419285,
          "vap@0.5": 43.995124101638794,
          "vap@0.75": 28.206753730773926,
          "vap@0.9": 10.977945476770401,
          "vap@0.95": 2.7894433587789536,
          "var@50": 86.02066040039062,
          "var@30": 85.2924644947052,
          "var@20": 84.55249667167664,
          "var@10": 81.62466287612915,
          "var@5": 68.8916802406311,
          "epoch": 4,
          "duration": "1:31:07.809104"
        },
        {
          "loss": 0.10439592906965604,
          "ap": 99.29527644744492,
          "vloss": 0.10813810019421258,
          "vap@0.5": 43.206313252449036,
          "vap@0.75": 31.16896152496338,
          "vap@0.9": 13.370013236999512,
          "vap@0.95": 3.1779997050762177,
          "var@50": 85.35288572311401,
          "var@30": 84.74408984184265,
          "var@20": 84.14813280105591,
          "var@10": 82.48692750930786,
          "var@5": 72.15639352798462,
          "epoch": 5,
          "duration": "1:31:21.645689"
        },
        {
          "loss": 0.10289176586459473,
          "ap": 99.41871669332889,
          "vloss": 0.10737989921056267,
          "vap@0.5": 52.93858051300049,
          "vap@0.75": 40.162718296051025,
          "vap@0.9": 16.26162678003311,
          "vap@0.95": 3.7310410290956497,
          "var@50": 85.59749722480774,
          "var@30": 84.8714530467987,
          "var@20": 84.10688638687134,
          "var@10": 81.80503845214844,
          "var@5": 74.17635917663574,
          "epoch": 6,
          "duration": "1:30:29.840503"
        },
        {
          "loss": 0.10173678624269586,
          "ap": 99.4980780700075,
          "vloss": 0.10710083044666265,
          "vap@0.5": 41.38416945934296,
          "vap@0.75": 27.544870972633362,
          "vap@0.9": 12.242389470338821,
          "vap@0.95": 3.0293896794319153,
          "var@50": 86.32062673568726,
          "var@30": 85.62715649604797,
          "var@20": 84.81609225273132,
          "var@10": 81.76034688949585,
          "var@5": 69.1864013671875,
          "epoch": 7,
          "duration": "1:30:02.031313"
        },
        {
          "loss": 0.10079307223815553,
          "ap": 99.56037592257705,
          "vloss": 0.107333689844901,
          "vap@0.5": 60.51448583602905,
          "vap@0.75": 43.20563077926636,
          "vap@0.9": 16.289246082305908,
          "vap@0.95": 3.711714968085289,
          "var@50": 86.12197637557983,
          "var@30": 85.48694849014282,
          "var@20": 84.70031023025513,
          "var@10": 81.71095848083496,
          "var@5": 72.9336142539978,
          "epoch": 8,
          "duration": "1:30:23.516754"
        },
        {
          "loss": 0.0973588736002085,
          "ap": 99.61011181538213,
          "vloss": 0.07263163724980716,
          "vap@0.5": 98.6592948436737,
          "vap@0.75": 90.22388458251953,
          "vap@0.9": 36.85352802276611,
          "vap@0.95": 9.819626063108444,
          "var@50": 86.88817024230957,
          "var@30": 86.62457466125488,
          "var@20": 86.35283708572388,
          "var@10": 85.70261001586914,
          "var@5": 84.59247350692749,
          "epoch": 9,
          "duration": "1:30:08.370640"
        },
        {
          "loss": 0.06376417191989886,
          "ap": 99.65017382661956,
          "vloss": 0.07187776371470786,
          "vap@0.5": 98.4358549118042,
          "vap@0.75": 89.16540145874023,
          "vap@0.9": 37.71541714668274,
          "vap@0.95": 9.658444672822952,
          "var@50": 86.70182228088379,
          "var@30": 86.4134430885315,
          "var@20": 86.14259958267212,
          "var@10": 85.48640012741089,
          "var@5": 84.49350595474243,
          "epoch": 10,
          "duration": "1:30:28.038666"
        },
        {
          "loss": 0.06302853256518319,
          "ap": 99.6754853737279,
          "vloss": 0.07159077115024307,
          "vap@0.5": 98.54085445404053,
          "vap@0.75": 90.18669724464417,
          "vap@0.9": 40.74649214744568,
          "vap@0.95": 10.993054509162903,
          "var@50": 86.80675625801086,
          "var@30": 86.54659390449524,
          "var@20": 86.29674911499023,
          "var@10": 85.7297420501709,
          "var@5": 84.86259579658508,
          "epoch": 11,
          "duration": "1:30:26.819074"
        },
        {
          "loss": 0.0624777709836808,
          "ap": 99.70534805229917,
          "vloss": 0.0726066051179909,
          "vap@0.5": 98.46231341362,
          "vap@0.75": 89.25480246543884,
          "vap@0.9": 39.08410668373108,
          "vap@0.95": 9.902559220790863,
          "var@50": 86.96361780166626,