{
  "config": {
    "device": "cuda",
    "logging": true,
    "disable_tqdm": true,
    "delete_ckpt": true,
    "seeds": [
      0
    ],
    "epochs": 100,
    "patience": 10,
    "dataset": {
      "name": "avdeepfake1m",
      "backbone": "avhubert",
      "params": {
        "max_length": 512,
        "partition": "whole"
      }
    },
    "dataloader": {
      "batch_size": 64,
      "workers": 4
    },
    "model": {
      "type": {
        "reconstruction": "cnn",
        "encoder": "cnn"
      },
      "d_model": 32,
      "win_size": 15,
      "num_heads": 8,
      "operation": "subtraction",
      "reconstruction": {
        "nlayers": {
          "pre": 2,
          "downsample": 3,
          "upsample": 3,
          "post": 2
        },
        "modality": [
          "av",
          "aa",
          "vv"
        ]
      },
      "encoder": {
        "nlayers": {
          "retain": 2,
          "downsample": 2
        },
        "fpn": true
      },
      "conv": {
        "use_ln": true,
        "use_rl": true,
        "use_do": false
      },
      "dropout": {
        "main": 0.1,
        "head": 0.5
      }
    },
    "criterion": {
      "composition": [
        "focal",
        "diou",
        "rec"
      ],
      "params": {
        "alpha": 0.98,
        "gamma": 2
      }
    },
    "optimization": {
      "lr": 0.001,
      "scheduler": {
        "name": "reduceonplateau",
        "params": {}
      },
      "optimizer": {
        "name": "adam",
        "params": {}
      }
    }
  },
  "results": [
    {
      "seed": 0,
      "training": [
        {
          "loss": 0.1277068951804555,
          "ap": 90.49962010927008,
          "vloss": 0.09891148773853534,
          "vap@0.5": 95.19581198692322,
          "vap@0.75": 82.70214200019836,
          "vap@0.9": 31.674620509147644,
          "vap@0.95": 6.31815642118454,
          "var@50": 84.68728065490723,
          "var@30": 84.09639596939087,
          "var@20": 83.58891606330872,
          "var@10": 82.5469970703125,
          "var@5": 80.94838261604309,
          "epoch": 1,
          "duration": "1:04:26.067210"
        },
        {
          "loss": 0.08751021653835503,
          "ap": 97.5016105735178,
          "vloss": 0.08392595548814695,
          "vap@0.5": 97.12541103363037,
          "vap@0.75": 87.12544441223145,
          "vap@0.9": 38.814905285835266,
          "vap@0.95": 9.488395601511002,
          "var@50": 85.93437075614929,
          "var@30": 85.51372289657593,
          "var@20": 85.12709736824036,
          "var@10": 84.25542712211609,
          "var@5": 82.96726942062378,
          "epoch": 2,
          "duration": "1:01:41.901813"
        },
        {
          "loss": 0.08031056613611827,
          "ap": 98.32542624693303,
          "vloss": 0.08051895312798608,
          "vap@0.5": 97.6183295249939,
          "vap@0.75": 85.74618101119995,
          "vap@0.9": 33.05110037326813,
          "vap@0.95": 7.085426151752472,
          "var@50": 85.70748567581177,
          "var@30": 85.21249890327454,
          "var@20": 84.77954864501953,
          "var@10": 83.85160565376282,
          "var@5": 82.57702589035034,
          "epoch": 3,
          "duration": "1:00:52.537559"
        },
        {
          "loss": 0.07676805894027942,
          "ap": 98.67030119809954,
          "vloss": 0.07786326551909692,
          "vap@0.5": 97.91985154151917,
          "vap@0.75": 88.39126825332642,
          "vap@0.9": 38.12183141708374,
          "vap@0.95": 9.181100130081177,
          "var@50": 86.40656471252441,
          "var@30": 86.04128956794739,
          "var@20": 85.68903803825378,
          "var@10": 84.90511178970337,
          "var@5": 83.74360203742981,
          "epoch": 4,
          "duration": "1:05:26.596097"
        },
        {
          "loss": 0.07458419634387102,
          "ap": 98.84905253220072,
          "vloss": 0.0771590565896726,
          "vap@0.5": 97.94377088546753,
          "vap@0.75": 88.1476879119873,
          "vap@0.9": 36.59856617450714,
          "vap@0.95": 8.552424609661102,
          "var@50": 85.87538599967957,
          "var@30": 85.47409772872925,
          "var@20": 85.1157009601593,
          "var@10": 84.32019352912903,
          "var@5": 83.22418332099915,
          "epoch": 5,
          "duration": "1:05:58.025235"
        },
        {
          "loss": 0.0728748658537788,
          "ap": 98.99958267267345,
          "vloss": 0.07590994294566501,
          "vap@0.5": 97.99351692199707,
          "vap@0.75": 88.29820156097412,
          "vap@0.9": 38.297849893569946,
          "vap@0.95": 9.385018795728683,
          "var@50": 86.09737157821655,
          "var@30": 85.6989860534668,
          "var@20": 85.33605337142944,
          "var@10": 84.50762033462524,
          "var@5": 83.44671130180359,
          "epoch": 6,
          "duration": "1:05:37.504282"
        },
        {
          "loss": 0.07157314282172643,
          "ap": 99.0995993286014,
          "vloss": 0.0763025909670562,
          "vap@0.5": 98.18443059921265,
          "vap@0.75": 88.74572515487671,
          "vap@0.9": 38.8597697019577,
          "vap@0.95": 9.720709174871445,
          "var@50": 87.10201978683472,
          "var@30": 86.78992986679077,
          "var@20": 86.44944429397583,
          "var@10": 85.712730884552,
          "var@5": 84.54381227493286,
          "epoch": 7,
          "duration": "1:04:33.902753"
        },
        {
          "loss": 0.07042958889377031,
          "ap": 99.1925099725923,
          "vloss": 0.07563974555731486,
          "vap@0.5": 98.15423488616943,
          "vap@0.75": 89.1661524772644,
          "vap@0.9": 39.37820494174957,
          "vap@0.95": 9.604963660240173,
          "var@50": 87.09568977355957,
          "var@30": 86.76188588142395,
          "var@20": 86.42231225967407,
          "var@10": 85.61919927597046,
          "var@5": 84.45985913276672,
          "epoch": 8,
          "duration": "0:59:36.977160"
        },
        {
          "loss": 0.06960821394676,
          "ap": 99.24730879696322,
          "vloss": 0.07418733647292745,
          "vap@0.5": 98.39403629302979,
          "vap@0.75": 89.84833359718323,
          "vap@0.9": 39.914315938949585,
          "vap@0.95": 10.589739680290222,
          "var@50": 86.87695264816284,
          "var@30": 86.56576871871948,
          "var@20": 86.27792596817017,
          "var@10": 85.592782497406,
          "var@5": 84.57746505737305,
          "epoch": 9,
          "duration": "1:00:51.440758"
        },
        {
          "loss": 0.0688421256239582,
          "ap": 99.3017946635188,
          "vloss": 0.07499099756491237,
          "vap@0.5": 98.11583161354065,
          "vap@0.75": 88.50732445716858,
          "vap@0.9": 37.826934456825256,
          "vap@0.95": 9.518562257289886,
          "var@50": 86.2942099571228,
          "var@30": 86.03205680847168,
          "var@20": 85.76846122741699,
          "var@10": 85.09271740913391,
          "var@5": 84.07865762710571,
          "epoch": 10,
          "duration": "0:57:34.650025"
        },
        {
          "loss": 0.06816804942309115,
          "ap": 99.34698324858329,
          "vloss": 0.07383756151206658,
          "vap@0.5": 98.23037385940552,
          "vap@0.75": 88.90596628189087,
          "vap@0.9": 39.1987681388855,
          "vap@0.95": 9.863827377557755,
          "var@50": 86.52235269546509,
          "var@30": 86.20936274528503,
          "var@20": 85.93038320541382,
          "var@10": 85.31344532966614,
          "var@5": 84.35944318771362,
          "epoch": 11,
          "duration": "1:05:14.814995"
        },
        {
          "loss": 0.06752102967690338,
          "ap": 99.3958488194758,
          "vloss": 0.07378312270157039,
          "vap@0.5": 98.40660691261292,
          "vap@0.75": 89.38236236572266,
          "vap@0.9": 40.26135802268982,
          "vap@0.95": 10.082293301820755,
          "var@50": 87.04611659049988,