{
  "config": {
    "device": "cuda",
    "logging": true,
    "disable_tqdm": true,
    "delete_ckpt": true,
    "seeds": [
      0
    ],
    "epochs": 100,
    "patience": 10,
    "dataset": {
      "name": "avdeepfake1m",
      "backbone": "avhubert",
      "params": {
        "max_length": 512,
        "partition": "whole"
      }
    },
    "dataloader": {
      "batch_size": 64,
      "workers": 4
    },
    "model": {
      "type": {
        "reconstruction": "cnn",
        "encoder": "cnn"
      },
      "d_model": 256,
      "win_size": 15,
      "num_heads": 8,
      "operation": "subtraction",
      "reconstruction": {
        "nlayers": {
          "pre": 2,
          "downsample": 1,
          "upsample": 1,
          "post": 2
        },
        "modality": [
          "av",
          "aa",
          "vv"
        ]
      },
      "encoder": {
        "nlayers": {
          "retain": 2,
          "downsample": 2
        },
        "fpn": true
      },
      "conv": {
        "use_ln": true,
        "use_rl": true,
        "use_do": false
      },
      "dropout": {
        "main": 0.1,
        "head": 0.5
      }
    },
    "criterion": {
      "composition": [
        "focal",
        "diou",
        "rec"
      ],
      "params": {
        "alpha": 0.98,
        "gamma": 2
      }
    },
    "optimization": {
      "lr": 0.001,
      "scheduler": {
        "name": "reduceonplateau",
        "params": {}
      },
      "optimizer": {
        "name": "adam",
        "params": {}
      }
    }
  },
  "results": [
    {
      "seed": 0,
      "training": [
        {
          "loss": 0.11185508571839915,
          "ap": 92.91264679366297,
          "vloss": 0.0886603867111262,
          "vap@0.5": 96.79192304611206,
          "vap@0.75": 84.76104736328125,
          "vap@0.9": 34.34038162231445,
          "vap@0.95": 7.685674726963043,
          "var@50": 86.16611361503601,
          "var@30": 85.63132286071777,
          "var@20": 85.19729375839233,
          "var@10": 84.23913717269897,
          "var@5": 82.87952542304993,
          "epoch": 1,
          "duration": "1:27:27.391462"
        },
        {
          "loss": 0.07966966963905081,
          "ap": 98.25384193221622,
          "vloss": 0.07862680370869514,
          "vap@0.5": 97.51496315002441,
          "vap@0.75": 86.77130937576294,
          "vap@0.9": 35.284632444381714,
          "vap@0.95": 8.216618746519089,
          "var@50": 85.87484359741211,
          "var@30": 85.36356091499329,
          "var@20": 84.93713140487671,
          "var@10": 84.07179117202759,
          "var@5": 82.96148180961609,
          "epoch": 2,
          "duration": "1:15:43.202654"
        },
        {
          "loss": 0.0741396960791194,
          "ap": 98.81379834346407,
          "vloss": 0.07621908456868758,
          "vap@0.5": 98.13470244407654,
          "vap@0.75": 88.18890452384949,
          "vap@0.9": 36.95630431175232,
          "vap@0.95": 8.781656622886658,
          "var@50": 86.5762710571289,
          "var@30": 86.16377115249634,
          "var@20": 85.78764200210571,
          "var@10": 84.98779535293579,
          "var@5": 83.92488360404968,
          "epoch": 3,
          "duration": "1:15:23.921453"
        },
        {
          "loss": 0.07090321351713333,
          "ap": 99.09749863603788,
          "vloss": 0.07571378491619336,
          "vap@0.5": 98.18742871284485,
          "vap@0.75": 88.42273950576782,
          "vap@0.9": 38.251060247421265,
          "vap@0.95": 9.89958718419075,
          "var@50": 87.22831010818481,
          "var@30": 86.94806098937988,
          "var@20": 86.66618466377258,
          "var@10": 86.02808117866516,
          "var@5": 84.99429821968079,
          "epoch": 4,
          "duration": "1:17:02.017169"
        },
        {
          "loss": 0.06857321668275684,
          "ap": 99.29479692839828,
          "vloss": 0.07353093652220975,
          "vap@0.5": 98.28940033912659,
          "vap@0.75": 88.87966871261597,
          "vap@0.9": 38.36562633514404,
          "vap@0.95": 9.565314650535583,
          "var@50": 86.3358199596405,
          "var@30": 86.01957559585571,
          "var@20": 85.71526408195496,
          "var@10": 85.10664701461792,
          "var@5": 84.25343632698059,
          "epoch": 5,
          "duration": "1:26:41.498575"
        },
        {
          "loss": 0.06677320516391899,
          "ap": 99.42493951703511,
          "vloss": 0.0741333707659838,
          "vap@0.5": 98.27969074249268,
          "vap@0.75": 88.60487341880798,
          "vap@0.9": 37.79041767120361,
          "vap@0.95": 9.385533630847931,
          "var@50": 86.63958311080933,
          "var@30": 86.33455038070679,
          "var@20": 86.04219555854797,
          "var@10": 85.34601330757141,
          "var@5": 84.33393239974976,
          "epoch": 6,
          "duration": "1:18:58.784821"
        },
        {
          "loss": 0.0653475885260307,
          "ap": 99.5218346676163,
          "vloss": 0.07332053157733753,
          "vap@0.5": 98.42715263366699,
          "vap@0.75": 89.67788815498352,
          "vap@0.9": 41.37933850288391,
          "vap@0.95": 10.874956101179123,
          "var@50": 87.47145533561707,
          "var@30": 87.15376853942871,
          "var@20": 86.85470819473267,
          "var@10": 86.19470596313477,
          "var@5": 85.14970541000366,
          "epoch": 7,
          "duration": "1:17:32.292035"
        },
        {
          "loss": 0.06415292022740396,
          "ap": 99.59457279296684,
          "vloss": 0.07319472095072602,
          "vap@0.5": 98.24784398078918,
          "vap@0.75": 88.94351124763489,
          "vap@0.9": 38.86772692203522,
          "vap@0.95": 10.056236386299133,
          "var@50": 86.59218549728394,
          "var@30": 86.309415102005,
          "var@20": 86.04544401168823,
          "var@10": 85.41204333305359,
          "var@5": 84.51504707336426,
          "epoch": 8,
          "duration": "1:25:35.346383"
        },
        {
          "loss": 0.0632310254721364,
          "ap": 99.64917026630926,
          "vloss": 0.0727995041649722,
          "vap@0.5": 98.53827953338623,
          "vap@0.75": 89.65862989425659,
          "vap@0.9": 40.19159376621246,
          "vap@0.95": 11.043911427259445,
          "var@50": 87.2529149055481,
          "var@30": 86.92815899848938,
          "var@20": 86.61932945251465,
          "var@10": 85.95390319824219,
          "var@5": 84.98255014419556,
          "epoch": 9,
          "duration": "1:15:39.740393"
        },
        {
          "loss": 0.062365549118585537,
          "ap": 99.69696795627641,
          "vloss": 0.07368189197066906,
          "vap@0.5": 98.43665361404419,
          "vap@0.75": 89.64603543281555,
          "vap@0.9": 39.73328769207001,
          "vap@0.95": 10.875508934259415,
          "var@50": 87.09532618522644,
          "var@30": 86.83679699897766,
          "var@20": 86.58259510993958,
          "var@10": 85.96566319465637,
          "var@5": 84.94617342948914,
          "epoch": 10,
          "duration": "1:24:04.045818"
        },
        {
          "loss": 0.06156487182025537,
          "ap": 99.73638582640241,
          "vloss": 0.07484130140593541,
          "vap@0.5": 98.39440584182739,
          "vap@0.75": 89.53622579574585,
          "vap@0.9": 39.53607976436615,
          "vap@0.95": 10.548153519630432,
          "var@50": 87.16081380844116,
          "var@30": 86.91404461860657,
          "var@20": 86.65550947189331,
          "var@10": 86.0353171825409,
          "var@5": 85.03284454345703,
          "epoch": 11,
          "duration": "1:22:06.774248"
        },
        {
          "loss": 0.06091548225109179,
          "ap": 99.76555161793705,
          "vloss": 0.07342161526529319,
          "vap@0.5": 98.39360117912292,
          "vap@0.75": 89.57118391990662,
          "vap@0.9": 40.417417883872986,
          "vap@0.95": 10.683906823396683,
          "var@50": 87.02512979507446,