{
  "config": {
    "device": "cuda",
    "logging": true,
    "disable_tqdm": true,
    "delete_ckpt": true,
    "seeds": [
      0
    ],
    "epochs": 100,
    "patience": 10,
    "dataset": {
      "name": "avdeepfake1m",
      "backbone": "avhubert",
      "params": {
        "max_length": 512,
        "partition": "whole"
      }
    },
    "dataloader": {
      "batch_size": 64,
      "workers": 4
    },
    "model": {
      "type": {
        "reconstruction": "cnn",
        "encoder": "cnn"
      },
      "d_model": 64,
      "win_size": 15,
      "num_heads": 8,
      "operation": "subtraction",
      "reconstruction": {
        "nlayers": {
          "pre": 2,
          "downsample": 2,
          "upsample": 2,
          "post": 2
        },
        "modality": [
          "av",
          "aa",
          "vv"
        ]
      },
      "encoder": {
        "nlayers": {
          "retain": 2,
          "downsample": 2
        },
        "fpn": true
      },
      "conv": {
        "use_ln": true,
        "use_rl": true,
        "use_do": false
      },
      "dropout": {
        "main": 0.1,
        "head": 0.5
      }
    },
    "criterion": {
      "composition": [
        "focal",
        "diou",
        "rec"
      ],
      "params": {
        "alpha": 0.98,
        "gamma": 2
      }
    },
    "optimization": {
      "lr": 0.001,
      "scheduler": {
        "name": "reduceonplateau",
        "params": {}
      },
      "optimizer": {
        "name": "adam",
        "params": {}
      }
    }
  },
  "results": [
    {
      "seed": 0,
      "training": [
        {
          "loss": 0.11004956478051726,
          "ap": 93.75711866983984,
          "vloss": 0.08782581247422579,
          "vap@0.5": 96.96946740150452,
          "vap@0.75": 84.92385745048523,
          "vap@0.9": 32.96894431114197,
          "vap@0.95": 6.976735591888428,
          "var@50": 84.95920300483704,
          "var@30": 84.45932269096375,
          "var@20": 83.97137522697449,
          "var@10": 82.96093940734863,
          "var@5": 81.66699409484863,
          "epoch": 1,
          "duration": "2:48:56.769835"
        },
        {
          "loss": 0.08111071919664536,
          "ap": 98.1797843688265,
          "vloss": 0.07908722357491829,
          "vap@0.5": 97.70768880844116,
          "vap@0.75": 88.3012056350708,
          "vap@0.9": 39.116328954696655,
          "vap@0.95": 9.071731567382812,
          "var@50": 85.89528203010559,
          "var@30": 85.45311093330383,
          "var@20": 85.06358861923218,
          "var@10": 84.28635597229004,
          "var@5": 83.23575854301453,
          "epoch": 2,
          "duration": "2:49:54.462771"
        },
        {
          "loss": 0.07629343631579884,
          "ap": 98.66874499134772,
          "vloss": 0.07897228038720121,
          "vap@0.5": 97.71743416786194,
          "vap@0.75": 87.12852597236633,
          "vap@0.9": 36.042168736457825,
          "vap@0.95": 8.272751420736313,
          "var@50": 86.50733828544617,
          "var@30": 86.04635000228882,
          "var@20": 85.59948205947876,
          "var@10": 84.6831202507019,
          "var@5": 83.40546488761902,
          "epoch": 3,
          "duration": "2:56:57.227981"
        },
        {
          "loss": 0.07343417925689862,
          "ap": 98.92845992417683,
          "vloss": 0.07642879451408849,
          "vap@0.5": 98.11393022537231,
          "vap@0.75": 88.74916434288025,
          "vap@0.9": 38.96702527999878,
          "vap@0.95": 10.113746672868729,
          "var@50": 86.87532544136047,
          "var@30": 86.56125068664551,
          "var@20": 86.28064393997192,
          "var@10": 85.57776212692261,
          "var@5": 84.51088666915894,
          "epoch": 4,
          "duration": "2:59:20.790911"
        },
        {
          "loss": 0.07142710388824983,
          "ap": 99.09702162856794,
          "vloss": 0.07460389241792395,
          "vap@0.5": 98.29289317131042,
          "vap@0.75": 89.37563896179199,
          "vap@0.9": 39.31834399700165,
          "vap@0.95": 9.857752174139023,
          "var@50": 86.44726872444153,
          "var@30": 86.08922958374023,
          "var@20": 85.79034805297852,
          "var@10": 85.1663589477539,
          "var@5": 84.31097269058228,
          "epoch": 5,
          "duration": "3:05:58.083727"
        },
        {
          "loss": 0.06986274802066884,
          "ap": 99.2313010250654,
          "vloss": 0.07383999197710571,
          "vap@0.5": 98.3437180519104,
          "vap@0.75": 90.25709629058838,
          "vap@0.9": 42.43656098842621,
          "vap@0.95": 11.154668033123016,
          "var@50": 86.50933504104614,
          "var@30": 86.23649477958679,
          "var@20": 85.96403002738953,
          "var@10": 85.26495695114136,
          "var@5": 84.21651721000671,
          "epoch": 6,
          "duration": "3:13:14.797956"
        },
        {
          "loss": 0.068620691113781,
          "ap": 99.3258496608944,
          "vloss": 0.07392425774430324,
          "vap@0.5": 98.48290085792542,
          "vap@0.75": 90.78069925308228,
          "vap@0.9": 43.991971015930176,
          "vap@0.95": 11.226028203964233,
          "var@50": 87.43419647216797,
          "var@30": 87.16081380844116,
          "var@20": 86.87514066696167,
          "var@10": 86.14730834960938,
          "var@5": 85.14211773872375,
          "epoch": 7,
          "duration": "3:11:40.516652"
        },
        {
          "loss": 0.06761934356508364,
          "ap": 99.40262561400063,
          "vloss": 0.07334000543674588,
          "vap@0.5": 98.42027425765991,
          "vap@0.75": 89.95158076286316,
          "vap@0.9": 41.875988245010376,
          "vap@0.95": 10.000152885913849,
          "var@50": 86.57916784286499,
          "var@30": 86.24464273452759,
          "var@20": 85.9151840209961,
          "var@10": 85.20181775093079,
          "var@5": 84.20313596725464,
          "epoch": 8,
          "duration": "3:06:18.192418"
        },
        {
          "loss": 0.06678030335553642,
          "ap": 99.46578258714838,
          "vloss": 0.07386587194300123,
          "vap@0.5": 98.4720766544342,
          "vap@0.75": 89.91121053695679,
          "vap@0.9": 39.59835767745972,
          "vap@0.95": 10.293015837669373,
          "var@50": 86.77147626876831,
          "var@30": 86.549311876297,
          "var@20": 86.3287627696991,
          "var@10": 85.73607206344604,
          "var@5": 84.72291827201843,
          "epoch": 9,
          "duration": "3:07:41.279680"
        },
        {
          "loss": 0.0660213159138455,
          "ap": 99.52018911070286,
          "vloss": 0.07357066295142951,
          "vap@0.5": 98.4087586402893,
          "vap@0.75": 89.57674503326416,
          "vap@0.9": 40.831735730171204,
          "vap@0.95": 11.468279361724854,
          "var@50": 86.60792112350464,
          "var@30": 86.32062673568726,
          "var@20": 86.05793118476868,
          "var@10": 85.42254567146301,
          "var@5": 84.45606231689453,
          "epoch": 10,
          "duration": "3:19:58.908954"
        },
        {
          "loss": 0.06538061822443485,
          "ap": 99.55457083952727,
          "vloss": 0.07294787932187319,
          "vap@0.5": 98.43880534172058,
          "vap@0.75": 90.38203358650208,
          "vap@0.9": 42.33635067939758,
          "vap@0.95": 11.830281466245651,
          "var@50": 86.8011474609375,
          "var@30": 86.54967546463013,
          "var@20": 86.29873394966125,
          "var@10": 85.73228120803833,
          "var@5": 84.85299944877625,
          "epoch": 11,
          "duration": "3:47:41.783687"
        },
        {
          "loss": 0.06479413989742844,
          "ap": 99.59025004993546,
          "vloss": 0.07209366616942654,
          "vap@0.5": 98.59157800674438,
          "vap@0.75": 90.29399752616882,
          "vap@0.9": 41.00627601146698,
          "vap@0.95": 10.797649621963501,
          "var@50": 86.66763305664062,