{
  "config": {
    "device": "cuda",
    "logging": true,
    "disable_tqdm": true,
    "delete_ckpt": true,
    "seeds": [
      0
    ],
    "epochs": 100,
    "patience": 10,
    "dataset": {
      "name": "avdeepfake1m",
      "backbone": "avhubert",
      "params": {
        "max_length": 512,
        "partition": "whole"
      }
    },
    "dataloader": {
      "batch_size": 64,
      "workers": 4
    },
    "model": {
      "type": {
        "reconstruction": "cnn",
        "encoder": "cnn"
      },
      "d_model": 128,
      "win_size": 15,
      "num_heads": 8,
      "operation": "subtraction",
      "reconstruction": {
        "nlayers": {
          "pre": 2,
          "downsample": 2,
          "upsample": 2,
          "post": 2
        },
        "modality": [
          "av",
          "aa",
          "vv"
        ]
      },
      "encoder": {
        "nlayers": {
          "retain": 1,
          "downsample": 1
        },
        "fpn": true
      },
      "conv": {
        "use_ln": true,
        "use_rl": true,
        "use_do": false
      },
      "dropout": {
        "main": 0.1,
        "head": 0.5
      }
    },
    "criterion": {
      "composition": [
        "focal",
        "diou",
        "rec"
      ],
      "params": {
        "alpha": 0.98,
        "gamma": 2
      }
    },
    "optimization": {
      "lr": 0.001,
      "scheduler": {
        "name": "reduceonplateau",
        "params": {}
      },
      "optimizer": {
        "name": "adam",
        "params": {}
      }
    }
  },
  "results": [
    {
      "seed": 0,
      "training": [
        {
          "loss": 0.111587818131477,
          "ap": 93.20723383011317,
          "vloss": 0.08810815161060807,
          "vap@0.5": 97.01712131500244,
          "vap@0.75": 86.59251928329468,
          "vap@0.9": 35.89990437030792,
          "vap@0.95": 7.290110737085342,
          "var@50": 85.3754997253418,
          "var@30": 84.68999862670898,
          "var@20": 84.17165875434875,
          "var@10": 83.20174217224121,
          "var@5": 81.9772720336914,
          "epoch": 1,
          "duration": "2:58:33.400860"
        },
        {
          "loss": 0.08115666475926572,
          "ap": 98.24080133347812,
          "vloss": 0.08039049096987583,
          "vap@0.5": 97.72606492042542,
          "vap@0.75": 87.86464333534241,
          "vap@0.9": 35.72394549846649,
          "vap@0.95": 8.015517145395279,
          "var@50": 86.58766746520996,
          "var@30": 86.09448671340942,
          "var@20": 85.67800521850586,
          "var@10": 84.74317789077759,
          "var@5": 83.42771530151367,
          "epoch": 2,
          "duration": "2:50:47.376239"
        },
        {
          "loss": 0.07576352940492115,
          "ap": 98.78051432044596,
          "vloss": 0.07811819794837252,
          "vap@0.5": 97.95369505882263,
          "vap@0.75": 88.82933259010315,
          "vap@0.9": 39.29279148578644,
          "vap@0.95": 9.73426029086113,
          "var@50": 86.88201904296875,
          "var@30": 86.45160794258118,
          "var@20": 86.02463603019714,
          "var@10": 85.07915735244751,
          "var@5": 83.82899165153503,
          "epoch": 3,
          "duration": "2:57:47.213881"
        },
        {
          "loss": 0.07249756601873121,
          "ap": 99.0617306322697,
          "vloss": 0.07514413328109575,
          "vap@0.5": 98.44602346420288,
          "vap@0.75": 89.32334184646606,
          "vap@0.9": 37.37199306488037,
          "vap@0.95": 9.318739175796509,
          "var@50": 86.92598342895508,
          "var@30": 86.59127950668335,
          "var@20": 86.26761436462402,
          "var@10": 85.5314552783966,
          "var@5": 84.49732065200806,
          "epoch": 4,
          "duration": "3:01:06.405835"
        },
        {
          "loss": 0.0701671337702441,
          "ap": 99.24421655587844,
          "vloss": 0.0749157144538393,
          "vap@0.5": 98.37701916694641,
          "vap@0.75": 89.78908658027649,
          "vap@0.9": 41.53789579868317,
          "vap@0.95": 10.521899163722992,
          "var@50": 86.85579299926758,
          "var@30": 86.42411231994629,
          "var@20": 86.0640823841095,
          "var@10": 85.32068133354187,
          "var@5": 84.43453907966614,
          "epoch": 5,
          "duration": "3:05:27.923544"
        },
        {
          "loss": 0.06840769334074819,
          "ap": 99.365887610099,
          "vloss": 0.07437957950917605,
          "vap@0.5": 98.48247766494751,
          "vap@0.75": 89.52118754386902,
          "vap@0.9": 37.631285190582275,
          "vap@0.95": 8.371490240097046,
          "var@50": 86.68282628059387,
          "var@30": 86.35843992233276,
          "var@20": 86.03404760360718,
          "var@10": 85.26567220687866,
          "var@5": 84.20023918151855,
          "epoch": 6,
          "duration": "2:42:30.051569"
        },
        {
          "loss": 0.06703537104820663,
          "ap": 99.46160341218676,
          "vloss": 0.07443440019934704,
          "vap@0.5": 98.54225516319275,
          "vap@0.75": 91.25540256500244,
          "vap@0.9": 44.36921179294586,
          "vap@0.95": 11.125098168849945,
          "var@50": 87.40289807319641,
          "var@30": 87.15195655822754,
          "var@20": 86.87966465950012,
          "var@10": 86.24229431152344,
          "var@5": 85.19982099533081,
          "epoch": 7,
          "duration": "3:00:07.094587"
        },
        {
          "loss": 0.06588034575862377,
          "ap": 99.53434377474251,
          "vloss": 0.07414630321935485,
          "vap@0.5": 98.52924942970276,
          "vap@0.75": 90.39168357849121,
          "vap@0.9": 39.787840843200684,
          "vap@0.95": 9.807444363832474,
          "var@50": 86.84511184692383,
          "var@30": 86.54569387435913,
          "var@20": 86.22166514396667,
          "var@10": 85.51046252250671,
          "var@5": 84.49496030807495,
          "epoch": 8,
          "duration": "3:18:53.669507"
        },
        {
          "loss": 0.06489009266051482,
          "ap": 99.59078955834609,
          "vloss": 0.07481661431873883,
          "vap@0.5": 98.54335188865662,
          "vap@0.75": 89.30622935295105,
          "vap@0.9": 39.26644325256348,
          "vap@0.95": 10.753744095563889,
          "var@50": 87.17004656791687,
          "var@30": 86.90264821052551,
          "var@20": 86.61733865737915,
          "var@10": 85.9173595905304,
          "var@5": 84.82224345207214,
          "epoch": 9,
          "duration": "3:15:22.609189"
        },
        {
          "loss": 0.06404812101587833,
          "ap": 99.63945250161534,
          "vloss": 0.07344606692121099,
          "vap@0.5": 98.58025908470154,
          "vap@0.75": 90.64425826072693,
          "vap@0.9": 43.14481019973755,
          "vap@0.95": 12.036579102277756,
          "var@50": 86.89179420471191,
          "var@30": 86.61497831344604,
          "var@20": 86.33166551589966,
          "var@10": 85.6559157371521,
          "var@5": 84.67479944229126,
          "epoch": 10,
          "duration": "3:17:10.662746"
        },
        {
          "loss": 0.063284945573121,
          "ap": 99.67735166219038,
          "vloss": 0.07387782163485619,
          "vap@0.5": 98.61014485359192,
          "vap@0.75": 90.511953830719,
          "vap@0.9": 41.52179658412933,
          "vap@0.95": 11.083792895078659,
          "var@50": 87.85645365715027,
          "var@30": 87.5769317150116,
          "var@20": 87.29416131973267,
          "var@10": 86.5798830986023,
          "var@5": 85.3912353515625,
          "epoch": 11,
          "duration": "3:18:47.957015"
        },
        {
          "loss": 0.06269205473459248,
          "ap": 99.70491761691895,
          "vloss": 0.0742158405940115,
          "vap@0.5": 98.51868152618408,
          "vap@0.75": 90.34506678581238,
          "vap@0.9": 42.17042326927185,
          "vap@0.95": 11.21542751789093,
          "var@50": 87.11269497871399,