{
  "config": {
    "device": "cuda",
    "logging": true,
    "disable_tqdm": true,
    "delete_ckpt": false,
    "seeds": [
      1234567891
    ],
    "epochs": 100,
    "patience": 10,
    "dataset": {
      "name": "lavdf",
      "backbone": "avhubert",
      "params": {
        "max_length": 512,
        "partition": "whole"
      }
    },
    "dataloader": {
      "batch_size": 64,
      "workers": 4
    },
    "model": {
      "type": {
        "reconstruction": "cnn",
        "encoder": "cnn"
      },
      "d_model": 128,
      "win_size": 15,
      "num_heads": 8,
      "operation": "subtraction",
      "reconstruction": {
        "nlayers": {
          "pre": 2,
          "downsample": 3,
          "upsample": 3,
          "post": 2
        },
        "modality": [
          "av",
          "aa",
          "vv"
        ]
      },
      "encoder": {
        "nlayers": {
          "retain": 2,
          "downsample": 2
        },
        "fpn": true
      },
      "conv": {
        "use_ln": true,
        "use_rl": true,
        "use_do": false
      },
      "dropout": {
        "main": 0.1,
        "head": 0.5
      }
    },
    "criterion": {
      "composition": [
        "focal",
        "diou",
        "rec"
      ],
      "params": {
        "alpha": 0.98,
        "gamma": 2
      }
    },
    "optimization": {
      "lr": 0.001,
      "scheduler": {
        "name": "reduceonplateau",
        "params": {}
      },
      "optimizer": {
        "name": "adam",
        "params": {}
      }
    }
  },
  "results": [
    {
      "seed": 1234567891,
      "training": [
        {
          "loss": 0.15580928259021867,
          "ap": 89.57689628091977,
          "vloss": 0.10058667401936185,
          "vap@0.5": 96.53838276863098,
          "vap@0.75": 85.90810894966125,
          "vap@0.95": 14.72826898097992,
          "var@100": 88.65472078323364,
          "var@50": 87.84422874450684,
          "var@20": 86.70646548271179,
          "var@10": 85.52915453910828,
          "epoch": 1,
          "duration": "0:10:20.395283"
        },
        {
          "loss": 0.08939691027550678,
          "ap": 97.81148493583584,
          "vloss": 0.08445030402460156,
          "vap@0.5": 97.42335081100464,
          "vap@0.75": 89.71882462501526,
          "vap@0.95": 12.54383772611618,
          "var@100": 91.29821062088013,
          "var@50": 90.62405824661255,
          "var@20": 89.6196186542511,
          "var@10": 88.48222494125366,
          "epoch": 2,
          "duration": "0:12:13.381066"
        },
        {
          "loss": 0.07708644291794882,
          "ap": 98.58494151966781,
          "vloss": 0.07770634977558805,
          "vap@0.5": 97.91309833526611,
          "vap@0.75": 91.35801196098328,
          "vap@0.95": 20.613285899162292,
          "var@100": 91.8062686920166,
          "var@50": 91.27711057662964,
          "var@20": 90.45307040214539,
          "var@10": 89.47612047195435,
          "epoch": 3,
          "duration": "0:10:17.430968"
        },
        {
          "loss": 0.07032639408196376,
          "ap": 98.91207511434546,
          "vloss": 0.07460635742569308,
          "vap@0.5": 97.8720486164093,
          "vap@0.75": 92.17400550842285,
          "vap@0.95": 24.300871789455414,
          "var@100": 93.14175844192505,
          "var@50": 92.57118105888367,
          "var@20": 91.75692796707153,
          "var@10": 90.84739685058594,
          "epoch": 4,
          "duration": "0:11:03.982761"
        },
        {
          "loss": 0.06635061989167357,
          "ap": 99.08410673778499,
          "vloss": 0.07230293986521677,
          "vap@0.5": 98.41507077217102,
          "vap@0.75": 94.02491450309753,
          "vap@0.95": 35.86282134056091,
          "var@100": 94.17369961738586,
          "var@50": 93.76167058944702,
          "var@20": 93.16134452819824,
          "var@10": 92.2842025756836,
          "epoch": 5,
          "duration": "0:10:17.536860"
        },
        {
          "loss": 0.06382206660824094,
          "ap": 99.26998003294663,
          "vloss": 0.07100317210079932,
          "vap@0.5": 98.49149584770203,
          "vap@0.75": 94.56892609596252,
          "vap@0.95": 32.97662138938904,
          "var@100": 93.99216771125793,
          "var@50": 93.48825216293335,
          "var@20": 92.8276538848877,
          "var@10": 92.07817912101746,
          "epoch": 6,
          "duration": "0:10:30.400776"
        },
        {
          "loss": 0.0625757946700948,
          "ap": 99.32218050866778,
          "vloss": 0.06951901051414182,
          "vap@0.5": 98.6544132232666,
          "vap@0.75": 94.5661723613739,
          "vap@0.95": 15.398348867893219,
          "var@100": 92.30190515518188,
          "var@50": 91.75956845283508,
          "var@20": 91.05755090713501,
          "var@10": 90.14688730239868,
          "epoch": 7,
          "duration": "0:10:22.484536"
        },
        {
          "loss": 0.06130907549787828,
          "ap": 99.39536662720673,
          "vloss": 0.06944793777853915,
          "vap@0.5": 98.53036403656006,
          "vap@0.75": 94.35643553733826,
          "vap@0.95": 19.416548311710358,
          "var@100": 92.7707850933075,
          "var@50": 92.37232208251953,
          "var@20": 91.72152280807495,
          "var@10": 90.87263345718384,
          "epoch": 8,
          "duration": "0:10:20.285154"
        },
        {
          "loss": 0.06027912842791255,
          "ap": 99.4656799276746,
          "vloss": 0.07080819600584783,
          "vap@0.5": 98.51626753807068,
          "vap@0.75": 94.7447121143341,
          "vap@0.95": 37.81448304653168,
          "var@100": 93.80348324775696,
          "var@50": 93.35793256759644,
          "var@20": 92.64537692070007,
          "var@10": 91.81455373764038,
          "epoch": 9,
          "duration": "0:10:15.249582"
        },
        {
          "loss": 0.05906799384430657,
          "ap": 99.55663369830468,
          "vloss": 0.06999819521729893,
          "vap@0.5": 98.68004322052002,
          "vap@0.75": 94.4724977016449,
          "vap@0.95": 23.410218954086304,
          "var@100": 93.37827563285828,
          "var@50": 92.69922375679016,
          "var@20": 91.78630709648132,
          "var@10": 90.86848497390747,
          "epoch": 10,
          "duration": "0:10:20.373542"
        },
        {
          "loss": 0.05904439138778584,
          "ap": 99.51788963818386,
          "vloss": 0.06967366888786668,
          "vap@0.5": 98.54229688644409,
          "vap@0.75": 94.97106075286865,
          "vap@0.95": 34.377557039260864,
          "var@100": 93.43025088310242,
          "var@50": 92.9052472114563,
          "var@20": 92.274409532547,
          "var@10": 91.5200412273407,
          "epoch": 11,
          "duration": "0:10:14.844055"
        },
        {
          "loss": 0.057257056878349644,
          "ap": 99.65879863866431,
          "vloss": 0.06958731145240955,
          "vap@0.5": 98.60979318618774,
          "vap@0.75": 95.01295685768127,
          "vap@0.95": 33.935701847076416,
          "var@100": 93.49163770675659,
          "var@50": 93.17678213119507,
          "var@20": 92.62315630912781,
          "var@10": 91.84882044792175,
          "epoch": 12,
          "duration": "0:10:18.341386"
        },
        {
          "loss": 0.05694708823097673,
          "ap": 99.69096722398311,
          "vloss": 0.06689364181993941,
          "vap@0.5": 98.61760139465332,
          "vap@0.75": 94.10703182220459,
          "vap@0.95": 33.29094648361206,
          "var@100": 92.99901723861694,
          "var@50": 92.53125190734863,
          "var@20": 91.82623028755188,
          "var@10": 91.02892875671387,
          "epoch": 13,
          "duration": "0:10:15.782264"
        },
        {
          "loss": 0.05589841575157352,
          "ap": 99.75061602893349,
          "vloss": 0.06961769683940174,
          "vap@0.5": 98.6943006515503,
          "vap@0.75": 95.21133303642273,