{
  "config": {
    "device": "cuda",
    "logging": true,
    "disable_tqdm": true,
    "delete_ckpt": true,
    "seeds": [
      1234567891
    ],
    "epochs": 100,
    "patience": 10,
    "dataset": {
      "name": "lavdf",
      "backbone": "avhubert",
      "params": {
        "max_length": 512,
        "partition": "whole"
      }
    },
    "dataloader": {
      "batch_size": 64,
      "workers": 4
    },
    "model": {
      "type": {
        "reconstruction": "cnn",
        "encoder": "cnn"
      },
      "d_model": 128,
      "win_size": 15,
      "num_heads": 8,
      "operation": "subtraction",
      "reconstruction": {
        "nlayers": {
          "pre": 2,
          "downsample": 3,
          "upsample": 3,
          "post": 2
        },
        "modality": [
          "av",
          "aa",
          "vv"
        ]
      },
      "encoder": {
        "nlayers": {
          "retain": 2,
          "downsample": 2
        },
        "fpn": true
      },
      "conv": {
        "use_ln": true,
        "use_rl": true,
        "use_do": false
      },
      "dropout": {
        "main": 0.1,
        "head": 0.5
      }
    },
    "criterion": {
      "composition": [
        "focal",
        "sl1"
      ],
      "params": {
        "alpha": 0.98,
        "gamma": 2
      }
    },
    "optimization": {
      "lr": 0.001,
      "scheduler": {
        "name": "reduceonplateau",
        "params": {}
      },
      "optimizer": {
        "name": "adam",
        "params": {}
      }
    }
  },
  "results": [
    {
      "seed": 1234567891,
      "training": [
        {
          "loss": 0.08630569976625767,
          "ap": 78.28196035242726,
          "vloss": 0.029114390356923335,
          "vap@0.5": 90.91975092887878,
          "vap@0.75": 64.64119553565979,
          "vap@0.95": 1.7766188830137253,
          "var@100": 74.67911839485168,
          "var@50": 73.538339138031,
          "var@20": 72.27440476417542,
          "var@10": 70.91932892799377,
          "epoch": 1,
          "duration": "0:07:47.793421"
        },
        {
          "loss": 0.021290120193204743,
          "ap": 96.38733470587107,
          "vloss": 0.01853959262182154,
          "vap@0.5": 96.22260332107544,
          "vap@0.75": 77.96043753623962,
          "vap@0.95": 5.123313888907433,
          "var@100": 82.82351493835449,
          "var@50": 81.47860765457153,
          "var@20": 80.09001016616821,
          "var@10": 78.41442823410034,
          "epoch": 2,
          "duration": "0:07:09.678746"
        },
        {
          "loss": 0.015319768585098105,
          "ap": 97.66381104453504,
          "vloss": 0.01618914938962529,
          "vap@0.5": 96.98679447174072,
          "vap@0.75": 81.96027874946594,
          "vap@0.95": 9.565561264753342,
          "var@100": 87.74404525756836,
          "var@50": 86.86690330505371,
          "var@20": 85.60484647750854,
          "var@10": 83.9556336402893,
          "epoch": 3,
          "duration": "0:07:10.052978"
        },
        {
          "loss": 0.012359404322365677,
          "ap": 98.22990963140784,
          "vloss": 0.01573595840344111,
          "vap@0.5": 97.60549664497375,
          "vap@0.75": 85.2763295173645,
          "vap@0.95": 8.267061412334442,
          "var@100": 87.8860354423523,
          "var@50": 87.03261613845825,
          "var@20": 85.96903681755066,
          "var@10": 84.76084470748901,
          "epoch": 4,
          "duration": "0:07:13.976252"
        },
        {
          "loss": 0.010035508586949389,
          "ap": 98.58654994972899,
          "vloss": 0.01416670525178283,
          "vap@0.5": 97.83311486244202,
          "vap@0.75": 84.8156213760376,
          "vap@0.95": 10.634403675794601,
          "var@100": 89.1089141368866,
          "var@50": 88.21519613265991,
          "var@20": 86.94975972175598,
          "var@10": 85.59280633926392,
          "epoch": 5,
          "duration": "0:07:10.875858"
        },
        {
          "loss": 0.0077446247553225695,
          "ap": 98.8507969953796,
          "vloss": 0.016175878136447098,
          "vap@0.5": 97.71279692649841,
          "vap@0.75": 87.05779910087585,
          "vap@0.95": 12.707257270812988,
          "var@100": 88.75564336776733,
          "var@50": 87.97227740287781,
          "var@20": 86.96821331977844,
          "var@10": 85.7076644897461,
          "epoch": 6,
          "duration": "0:07:00.417580"
        },
        {
          "loss": 0.006966850776944642,
          "ap": 98.99601392862624,
          "vloss": 0.014278742415324217,
          "vap@0.5": 97.33073711395264,
          "vap@0.75": 85.4777991771698,
          "vap@0.95": 14.329347014427185,
          "var@100": 90.43989181518555,
          "var@50": 89.62563276290894,
          "var@20": 88.43251466751099,
          "var@10": 86.81831359863281,
          "epoch": 7,
          "duration": "0:06:53.524120"
        },
        {
          "loss": 0.006083933193221446,
          "ap": 99.1065764796382,
          "vloss": 0.013476300296046852,
          "vap@0.5": 98.46973419189453,
          "vap@0.75": 89.9761974811554,
          "vap@0.95": 14.176620543003082,
          "var@100": 91.93657040596008,
          "var@50": 91.37579202651978,
          "var@20": 90.49450159072876,
          "var@10": 89.29157257080078,
          "epoch": 8,
          "duration": "0:06:51.246882"
        },
        {
          "loss": 0.005843073353303854,
          "ap": 99.19301473447352,
          "vloss": 0.013523987213878857,
          "vap@0.5": 98.3910083770752,
          "vap@0.75": 86.76546216011047,
          "vap@0.95": 9.70161110162735,
          "var@100": 90.3879165649414,
          "var@50": 89.72054719924927,
          "var@20": 88.56695890426636,
          "var@10": 86.91924810409546,
          "epoch": 9,
          "duration": "0:06:46.320925"
        },
        {
          "loss": 0.004926493593465113,
          "ap": 99.29468909291167,
          "vloss": 0.015889489287926113,
          "vap@0.5": 98.26425909996033,
          "vap@0.75": 90.2626097202301,
          "vap@0.95": 17.287929356098175,
          "var@100": 92.3388123512268,
          "var@50": 91.77650213241577,
          "var@20": 90.8876895904541,
          "var@10": 89.73900079727173,
          "epoch": 10,
          "duration": "0:07:00.717215"
        },
        {
          "loss": 0.004515928404530647,
          "ap": 99.35989699997198,
          "vloss": 0.014759304988033631,
          "vap@0.5": 98.31703305244446,
          "vap@0.75": 83.98264050483704,
          "vap@0.95": 4.140578210353851,
          "var@100": 90.80106616020203,
          "var@50": 89.95216488838196,
          "var@20": 88.40877413749695,
          "var@10": 86.64281964302063,
          "epoch": 11,
          "duration": "0:06:54.987008"
        },
        {
          "loss": 0.004488076769928562,
          "ap": 99.39197275574193,
          "vloss": 0.01473864648466586,
          "vap@0.5": 98.21224212646484,
          "vap@0.75": 89.4217848777771,
          "vap@0.95": 11.43915057182312,
          "var@100": 91.51438474655151,
          "var@50": 90.866219997406,
          "var@20": 90.02259373664856,
          "var@10": 88.93116116523743,
          "epoch": 12,
          "duration": "0:07:13.720524"
        },
        {
          "loss": 0.003861490145327554,
          "ap": 99.47246695843924,
          "vloss": 0.01506806337926348,
          "vap@0.5": 98.16701412200928,
          "vap@0.75": 90.0324821472168,
          "vap@0.95": 25.180768966674805,
          "var@100": 92.71165728569031,
          "var@50": 92.21640825271606,
          "var@20": 91.42776727676392,
          "var@10": 90.34460783004761,
          "epoch": 13,
          "duration": "0:07:12.748041"
        },
        {
          "loss": 0.0034773260136362074,
          "ap": 99.5306791595387,
          "vloss": 0.02097439151337563,
          "vap@0.5": 98.21767807006836,
          "vap@0.75": 89.90646600723267,