{
  "config": {
    "device": "cuda",
    "logging": true,
    "disable_tqdm": true,
    "delete_ckpt": true,
    "seeds": [
      1234567891
    ],
    "epochs": 100,
    "patience": 10,
    "dataset": {
      "name": "lavdf",
      "backbone": "avhubert",
      "params": {
        "max_length": 512,
        "partition": "whole"
      }
    },
    "dataloader": {
      "batch_size": 64,
      "workers": 4
    },
    "model": {
      "type": {
        "reconstruction": "cnn",
        "encoder": "cnn"
      },
      "d_model": 128,
      "win_size": 15,
      "num_heads": 8,
      "operation": "subtraction",
      "reconstruction": {
        "nlayers": {
          "pre": 2,
          "downsample": 3,
          "upsample": 3,
          "post": 2
        },
        "modality": [
          "av",
          "aa",
          "vv"
        ]
      },
      "encoder": {
        "nlayers": {
          "retain": 2,
          "downsample": 2
        },
        "fpn": true
      },
      "conv": {
        "use_ln": true,
        "use_rl": true,
        "use_do": false
      },
      "dropout": {
        "main": 0.1,
        "head": 0.5
      }
    },
    "criterion": {
      "composition": [
        "focal",
        "diou"
      ],
      "params": {
        "alpha": 0.98,
        "gamma": 2
      }
    },
    "optimization": {
      "lr": 0.001,
      "scheduler": {
        "name": "reduceonplateau",
        "params": {}
      },
      "optimizer": {
        "name": "adam",
        "params": {}
      }
    }
  },
  "results": [
    {
      "seed": 1234567891,
      "training": [
        {
          "loss": 0.2228218880004999,
          "ap": 88.7186759440071,
          "vloss": 0.11757335858702901,
          "vap@0.5": 95.66433429718018,
          "vap@0.75": 79.6178936958313,
          "vap@0.95": 12.268035858869553,
          "var@100": 88.0073070526123,
          "var@50": 87.28758096694946,
          "var@20": 85.93627214431763,
          "var@10": 84.50549840927124,
          "epoch": 1,
          "duration": "0:09:01.973614"
        },
        {
          "loss": 0.09637955455639498,
          "ap": 97.39307644579111,
          "vloss": 0.08658094058837175,
          "vap@0.5": 97.01990485191345,
          "vap@0.75": 85.20371317863464,
          "vap@0.95": 15.650589764118195,
          "var@100": 88.94470930099487,
          "var@50": 88.40087056159973,
          "var@20": 87.61448860168457,
          "var@10": 86.45374178886414,
          "epoch": 2,
          "duration": "0:09:01.955008"
        },
        {
          "loss": 0.0754359218466088,
          "ap": 98.11147802042815,
          "vloss": 0.07989344479134552,
          "vap@0.5": 97.40356206893921,
          "vap@0.75": 89.73371982574463,
          "vap@0.95": 26.631036400794983,
          "var@100": 91.71398878097534,
          "var@50": 91.18484258651733,
          "var@20": 90.38150906562805,
          "var@10": 89.2945945262909,
          "epoch": 3,
          "duration": "0:09:02.949930"
        },
        {
          "loss": 0.06200979187236569,
          "ap": 98.5529866552109,
          "vloss": 0.07092287559931225,
          "vap@0.5": 97.7216124534607,
          "vap@0.75": 89.50828313827515,
          "vap@0.95": 22.260457277297974,
          "var@100": 91.9335663318634,
          "var@50": 91.2537693977356,
          "var@20": 90.2218222618103,
          "var@10": 89.18951153755188,
          "epoch": 4,
          "duration": "0:09:02.136650"
        },
        {
          "loss": 0.053519455341970536,
          "ap": 98.77508354386606,
          "vloss": 0.06592368248389169,
          "vap@0.5": 97.54953384399414,
          "vap@0.75": 91.95980429649353,
          "vap@0.95": 15.61659574508667,
          "var@100": 91.8669044971466,
          "var@50": 91.32192730903625,
          "var@20": 90.43499231338501,
          "var@10": 89.45088386535645,
          "epoch": 5,
          "duration": "0:08:51.350317"
        },
        {
          "loss": 0.04726819254730533,
          "ap": 99.03875725075531,
          "vloss": 0.059699757069984025,
          "vap@0.5": 98.01831841468811,
          "vap@0.75": 93.05326342582703,
          "vap@0.95": 39.822572469711304,
          "var@100": 93.95149350166321,
          "var@50": 93.43363642692566,
          "var@20": 92.5986647605896,
          "var@10": 91.74525141716003,
          "epoch": 6,
          "duration": "0:09:01.336574"
        },
        {
          "loss": 0.04246639927198005,
          "ap": 99.14988691440637,
          "vloss": 0.053239408026602396,
          "vap@0.5": 97.95522689819336,
          "vap@0.75": 92.94512271881104,
          "vap@0.95": 28.361746668815613,
          "var@100": 93.72739791870117,
          "var@50": 93.28600764274597,
          "var@20": 92.50866174697876,
          "var@10": 91.55204892158508,
          "epoch": 7,
          "duration": "0:09:02.862057"
        },
        {
          "loss": 0.040106070770056755,
          "ap": 99.20479760108843,
          "vloss": 0.0537141290196722,
          "vap@0.5": 98.30735325813293,
          "vap@0.75": 93.3344304561615,
          "vap@0.95": 15.831775963306427,
          "var@100": 92.16367602348328,
          "var@50": 91.57652854919434,
          "var@20": 90.54610133171082,
          "var@10": 89.52018618583679,
          "epoch": 8,
          "duration": "0:08:58.101459"
        },
        {
          "loss": 0.03516868716862991,
          "ap": 99.37392772136769,
          "vloss": 0.05062728799108801,
          "vap@0.5": 98.48020672798157,
          "vap@0.75": 93.6619222164154,
          "vap@0.95": 41.45015776157379,
          "var@100": 93.71799230575562,
          "var@50": 93.14740896224976,
          "var@20": 92.26385951042175,
          "var@10": 91.18032455444336,
          "epoch": 9,
          "duration": "0:09:04.970688"
        },
        {
          "loss": 0.033705531475626355,
          "ap": 99.37623702433744,
          "vloss": 0.05491963894489933,
          "vap@0.5": 98.0371356010437,
          "vap@0.75": 92.9498553276062,
          "vap@0.95": 22.41690307855606,
          "var@100": 93.52779388427734,
          "var@50": 92.89809465408325,
          "var@20": 92.02470779418945,
          "var@10": 90.83948135375977,
          "epoch": 10,
          "duration": "0:09:03.614977"
        },
        {
          "loss": 0.03101041997987323,
          "ap": 99.46578039837887,
          "vloss": 0.050651773500575495,
          "vap@0.5": 98.55753779411316,
          "vap@0.75": 94.64504718780518,
          "vap@0.95": 29.48993742465973,
          "var@100": 93.14778447151184,
          "var@50": 92.66683459281921,
          "var@20": 91.8657660484314,
          "var@10": 91.00219011306763,
          "epoch": 11,
          "duration": "0:09:07.678934"
        },
        {
          "loss": 0.029410107231630785,
          "ap": 99.50710987593686,
          "vloss": 0.04537860433520035,
          "vap@0.5": 98.63293766975403,
          "vap@0.75": 94.69753503799438,
          "vap@0.95": 36.522072553634644,
          "var@100": 93.84152293205261,
          "var@50": 93.34890246391296,
          "var@20": 92.62277483940125,
          "var@10": 91.82924032211304,
          "epoch": 12,
          "duration": "0:08:58.864023"
        },
        {
          "loss": 0.027968447780372892,
          "ap": 99.53198395616108,
          "vloss": 0.04900015692243591,
          "vap@0.5": 98.61077070236206,
          "vap@0.75": 94.78036761283875,
          "vap@0.95": 32.531607151031494,
          "var@100": 93.77749562263489,
          "var@50": 93.31763982772827,
          "var@20": 92.59076118469238,
          "var@10": 91.77199602127075,
          "epoch": 13,
          "duration": "0:09:06.108262"
        },
        {
          "loss": 0.026247467420147202,
          "ap": 99.5741145467231,
          "vloss": 0.04944749052577763,
          "vap@0.5": 98.47973585128784,
          "vap@0.75": 94.93172764778137,