{
    "tfl":{
        "ap@0.5": 0.14698214828968048,
        "ap@0.75": 0.06370139867067337,
        "ap@0.9": 0.00566230108961463,
        "ap@0.95": 0.0004681191057898104,
        "ar@50": 0.29329028725624084,
        "ar@30": 0.2662890553474426,
        "ar@20": 0.24580168724060059,
        "ar@10": 0.21313345432281494,
        "ar@5": 0.18170593678951263
    },
    "dfd":{
        "auc": 0.6570427417755127
    }
}