{
    "tfl":{
        "ap@0.5": 0.9654541015625,
        "ap@0.75": 0.8928314447402954,
        "ap@0.9": 0.42901891469955444,
        "ap@0.95": 0.1171925961971283,
        "ar@50": 0.8597995638847351,
        "ar@30": 0.8575099110603333,
        "ar@20": 0.8553495407104492,
        "ar@10": 0.8492724299430847,
        "ar@5": 0.838248610496521
    },
    "dfd":{
        "auc": 0.9978455305099487
    }
}