{
  "config": {
    "device": "cuda",
    "logging": true,
    "disable_tqdm": true,
    "delete_ckpt": true,
    "seeds": [
      1234567891
    ],
    "epochs": 100,
    "patience": 10,
    "dataset": {
      "name": "lavdf",
      "backbone": "avhubert",
      "params": {
        "max_length": 512,
        "partition": "whole"
      }
    },
    "dataloader": {
      "batch_size": 64,
      "workers": 4
    },
    "model": {
      "type": {
        "reconstruction": "cnn",
        "encoder": "cnn"
      },
      "d_model": 128,
      "win_size": 15,
      "num_heads": 8,
      "operation": "subtraction",
      "reconstruction": {
        "nlayers": {
          "pre": 2,
          "downsample": 3,
          "upsample": 3,
          "post": 2
        },
        "modality": [
          "vv"
        ]
      },
      "encoder": {
        "nlayers": {
          "retain": 2,
          "downsample": 2
        },
        "fpn": true
      },
      "conv": {
        "use_ln": true,
        "use_rl": true,
        "use_do": false
      },
      "dropout": {
        "main": 0.1,
        "head": 0.5
      }
    },
    "criterion": {
      "composition": [
        "focal",
        "diou",
        "rec"
      ],
      "params": {
        "alpha": 0.98,
        "gamma": 2
      }
    },
    "optimization": {
      "lr": 0.001,
      "scheduler": {
        "name": "reduceonplateau",
        "params": {}
      },
      "optimizer": {
        "name": "adam",
        "params": {}
      }
    }
  },
  "results": [
    {
      "seed": 1234567891,
      "training": [
        {
          "loss": 0.19803471597956449,
          "ap": 67.05509605629162,
          "vloss": 0.1592694891514691,
          "vap@0.5": 73.4698474407196,
          "vap@0.75": 29.930830001831055,
          "vap@0.95": 0.11275410652160645,
          "var@100": 71.62812352180481,
          "var@50": 68.57374310493469,
          "var@20": 62.74291276931763,
          "var@10": 58.2291305065155,
          "epoch": 1,
          "duration": "0:07:21.047751"
        },
        {
          "loss": 0.13835309221734846,
          "ap": 81.02508462134783,
          "vloss": 0.13695429525438235,
          "vap@0.5": 78.60193252563477,
          "vap@0.75": 46.2062269449234,
          "vap@0.95": 0.38236789405345917,
          "var@100": 76.11931562423706,
          "var@50": 73.55077266693115,
          "var@20": 69.15750503540039,
          "var@10": 65.67753553390503,
          "epoch": 2,
          "duration": "0:07:12.484863"
        },
        {
          "loss": 0.11973383151055352,
          "ap": 84.86194062169352,
          "vloss": 0.13171041265704328,
          "vap@0.5": 77.17651724815369,
          "vap@0.75": 50.1609206199646,
          "vap@0.95": 1.258835755288601,
          "var@100": 78.46188545227051,
          "var@50": 75.76076984405518,
          "var@20": 71.97989225387573,
          "var@10": 68.65735650062561,
          "epoch": 3,
          "duration": "0:07:11.664154"
        },
        {
          "loss": 0.10684329214377132,
          "ap": 87.24621040411814,
          "vloss": 0.12286335473188764,
          "vap@0.5": 82.05064535140991,
          "vap@0.75": 59.57803726196289,
          "vap@0.95": 3.179720416665077,
          "var@100": 79.4923186302185,
          "var@50": 77.44877934455872,
          "var@20": 74.11531805992126,
          "var@10": 71.34453058242798,
          "epoch": 4,
          "duration": "0:07:08.032816"
        },
        {
          "loss": 0.09687192455479285,
          "ap": 88.91961200782286,
          "vloss": 0.12025456313368757,
          "vap@0.5": 82.0969820022583,
          "vap@0.75": 60.39303541183472,
          "vap@0.95": 5.362743511795998,
          "var@100": 80.85982203483582,
          "var@50": 78.78427505493164,
          "var@20": 75.90577006340027,
          "var@10": 73.14778566360474,
          "epoch": 5,
          "duration": "0:06:59.862136"
        },
        {
          "loss": 0.08738483522783935,
          "ap": 90.38725752939378,
          "vloss": 0.11647376966706154,
          "vap@0.5": 82.44556188583374,
          "vap@0.75": 62.195056676864624,
          "vap@0.95": 5.361601710319519,
          "var@100": 82.21338987350464,
          "var@50": 80.27267456054688,
          "var@20": 76.84468030929565,
          "var@10": 73.66676926612854,
          "epoch": 6,
          "duration": "0:07:10.843902"
        },
        {
          "loss": 0.07965794686016028,
          "ap": 91.77802962992729,
          "vloss": 0.11606321494429397,
          "vap@0.5": 82.83790349960327,
          "vap@0.75": 64.81019258499146,
          "vap@0.95": 9.336230158805847,
          "var@100": 81.82510137557983,
          "var@50": 80.11298179626465,
          "var@20": 77.27327942848206,
          "var@10": 74.61961507797241,
          "epoch": 7,
          "duration": "0:07:12.465967"
        },
        {
          "loss": 0.0735467939842038,
          "ap": 92.75129870258918,
          "vloss": 0.11584044324940648,
          "vap@0.5": 82.54772424697876,
          "vap@0.75": 64.10209536552429,
          "vap@0.95": 9.063483029603958,
          "var@100": 82.03110694885254,
          "var@50": 80.32351732254028,
          "var@20": 77.59152054786682,
          "var@10": 74.9664843082428,
          "epoch": 8,
          "duration": "0:07:06.803465"
        },
        {
          "loss": 0.06823625772949157,
          "ap": 93.67872571583692,
          "vloss": 0.12819678609922497,
          "vap@0.5": 83.36822390556335,
          "vap@0.75": 65.521240234375,
          "vap@0.95": 8.711926639080048,
          "var@100": 82.91352987289429,
          "var@50": 81.31138682365417,
          "var@20": 78.61894369125366,
          "var@10": 75.88430643081665,
          "epoch": 9,
          "duration": "0:07:15.432259"
        },
        {
          "loss": 0.06367549783572918,
          "ap": 94.53510600809972,
          "vloss": 0.12716697072553587,
          "vap@0.5": 82.82307982444763,
          "vap@0.75": 64.43015336990356,
          "vap@0.95": 8.769743144512177,
          "var@100": 82.88415670394897,
          "var@50": 81.13776445388794,
          "var@20": 78.32479476928711,
          "var@10": 75.34686923027039,
          "epoch": 10,
          "duration": "0:07:20.253267"
        },
        {
          "loss": 0.059669665625788335,
          "ap": 95.19501141094747,
          "vloss": 0.12703265577675604,
          "vap@0.5": 83.27096104621887,
          "vap@0.75": 66.13494753837585,
          "vap@0.95": 7.0435479283332825,
          "var@100": 82.4427604675293,
          "var@50": 80.8933436870575,
          "var@20": 78.29993963241577,
          "var@10": 75.66698789596558,
          "epoch": 11,
          "duration": "0:07:13.716449"
        },
        {
          "loss": 0.0567181447384561,
          "ap": 95.6708181193903,
          "vloss": 0.1319644967241413,
          "vap@0.5": 82.88635611534119,
          "vap@0.75": 65.65988659858704,
          "vap@0.95": 9.762328863143921,
          "var@100": 82.69245028495789,
          "var@50": 81.13476037979126,
          "var@20": 78.50971817970276,
          "var@10": 75.80710053443909,
          "epoch": 12,
          "duration": "0:07:19.042645"
        },
        {
          "loss": 0.054443037812787344,
          "ap": 96.07925594326346,
          "vloss": 0.12502299049684049,
          "vap@0.5": 82.85037875175476,
          "vap@0.75": 64.88953828811646,
          "vap@0.95": 6.954886764287949,
          "var@100": 81.92038536071777,
          "var@50": 80.31296730041504,
          "var@20": 77.48643755912781,
          "var@10": 74.61472153663635,
          "epoch": 13,
          "duration": "0:07:20.835090"
        },
        {
          "loss": 0.05201932515918724,
          "ap": 96.492490019638,
          "vloss": 0.15062869293331857,
          "vap@0.5": 82.47827887535095,
          "vap@0.75": 65.31625390052795,
          "vap@0.95": 10.568258166313171,