{
  "config": {
    "device": "cuda",
    "logging": true,
    "disable_tqdm": true,
    "delete_ckpt": true,
    "seeds": [
      1234567891
    ],
    "epochs": 100,
    "patience": 10,
    "dataset": {
      "name": "lavdf",
      "backbone": "avhubert",
      "params": {
        "max_length": 512,
        "partition": "whole"
      }
    },
    "dataloader": {
      "batch_size": 64,
      "workers": 4
    },
    "model": {
      "type": {
        "reconstruction": "cnn",
        "encoder": "cnn"
      },
      "d_model": 128,
      "win_size": 15,
      "num_heads": 8,
      "operation": "subtraction",
      "reconstruction": {
        "nlayers": {
          "pre": 2,
          "downsample": 3,
          "upsample": 3,
          "post": 2
        },
        "modality": [
          "aa"
        ]
      },
      "encoder": {
        "nlayers": {
          "retain": 2,
          "downsample": 2
        },
        "fpn": true
      },
      "conv": {
        "use_ln": true,
        "use_rl": true,
        "use_do": false
      },
      "dropout": {
        "main": 0.1,
        "head": 0.5
      }
    },
    "criterion": {
      "composition": [
        "focal",
        "diou",
        "rec"
      ],
      "params": {
        "alpha": 0.98,
        "gamma": 2
      }
    },
    "optimization": {
      "lr": 0.001,
      "scheduler": {
        "name": "reduceonplateau",
        "params": {}
      },
      "optimizer": {
        "name": "adam",
        "params": {}
      }
    }
  },
  "results": [
    {
      "seed": 1234567891,
      "training": [
        {
          "loss": 0.12841763906786596,
          "ap": 89.22326975722832,
          "vloss": 0.08520206932968348,
          "vap@0.5": 94.33838129043579,
          "vap@0.75": 79.57294583320618,
          "vap@0.95": 9.787284582853317,
          "var@100": 86.7087185382843,
          "var@50": 85.71218252182007,
          "var@20": 84.1556191444397,
          "var@10": 82.94968605041504,
          "epoch": 1,
          "duration": "0:07:08.457015"
        },
        {
          "loss": 0.07186369500387975,
          "ap": 96.32496181245465,
          "vloss": 0.06939324367088671,
          "vap@0.5": 95.17360925674438,
          "vap@0.75": 81.28321766853333,
          "vap@0.95": 15.037457644939423,
          "var@100": 88.31575512886047,
          "var@50": 87.30792999267578,
          "var@20": 85.7212245464325,
          "var@10": 84.37632322311401,
          "epoch": 2,
          "duration": "0:06:51.878333"
        },
        {
          "loss": 0.060833976493497206,
          "ap": 97.26581460087033,
          "vloss": 0.06522427147923086,
          "vap@0.5": 95.83830833435059,
          "vap@0.75": 85.2369487285614,
          "vap@0.95": 25.77023208141327,
          "var@100": 91.31553769111633,
          "var@50": 90.38189649581909,
          "var@20": 89.08632397651672,
          "var@10": 87.75196075439453,
          "epoch": 3,
          "duration": "0:06:36.198073"
        },
        {
          "loss": 0.053916241086231984,
          "ap": 97.82390191353672,
          "vloss": 0.06017127149109303,
          "vap@0.5": 96.45323157310486,
          "vap@0.75": 87.59735226631165,
          "vap@0.95": 21.64728045463562,
          "var@100": 91.50949716567993,
          "var@50": 90.68883657455444,
          "var@20": 89.69154357910156,
          "var@10": 88.64380121231079,
          "epoch": 4,
          "duration": "0:06:48.630037"
        },
        {
          "loss": 0.04860712360227253,
          "ap": 98.24795449564205,
          "vloss": 0.06092194851646559,
          "vap@0.5": 95.875483751297,
          "vap@0.75": 86.42076849937439,
          "vap@0.95": 27.592366933822632,
          "var@100": 90.9859836101532,
          "var@50": 90.16006588935852,
          "var@20": 89.16240930557251,
          "var@10": 88.12368512153625,
          "epoch": 5,
          "duration": "0:06:49.824476"
        },
        {
          "loss": 0.0446637014820566,
          "ap": 98.54906252550907,
          "vloss": 0.0650906832983177,
          "vap@0.5": 96.19007706642151,
          "vap@0.75": 88.33549618721008,
          "vap@0.95": 32.60308802127838,
          "var@100": 91.70759320259094,
          "var@50": 91.10462069511414,
          "var@20": 90.26890993118286,
          "var@10": 89.32924270629883,
          "epoch": 6,
          "duration": "0:06:55.503168"
        },
        {
          "loss": 0.042144555698444205,
          "ap": 98.72370919526689,
          "vloss": 0.05912942570798537,
          "vap@0.5": 95.89061737060547,
          "vap@0.75": 86.9243860244751,
          "vap@0.95": 10.786295682191849,
          "var@100": 89.65463638305664,
          "var@50": 88.8554573059082,
          "var@20": 87.70601153373718,
          "var@10": 86.53547167778015,
          "epoch": 7,
          "duration": "0:06:51.105089"
        },
        {
          "loss": 0.039511861464356986,
          "ap": 98.91186606528626,
          "vloss": 0.061083343031138,
          "vap@0.5": 95.8367109298706,
          "vap@0.75": 86.80932521820068,
          "vap@0.95": 21.92806303501129,
          "var@100": 90.52162170410156,
          "var@50": 89.59363102912903,
          "var@20": 88.39937448501587,
          "var@10": 87.10907101631165,
          "epoch": 8,
          "duration": "0:06:55.792172"
        },
        {
          "loss": 0.037289835866994976,
          "ap": 99.10801327199029,
          "vloss": 0.05658586058788319,
          "vap@0.5": 96.02037072181702,
          "vap@0.75": 88.63979578018188,
          "vap@0.95": 22.633960843086243,
          "var@100": 91.45865440368652,
          "var@50": 90.6835675239563,
          "var@20": 89.6926760673523,
          "var@10": 88.70819807052612,
          "epoch": 9,
          "duration": "0:06:59.991391"
        },
        {
          "loss": 0.03524494483097782,
          "ap": 99.27349969523368,
          "vloss": 0.060836476166156436,
          "vap@0.5": 95.53090333938599,
          "vap@0.75": 87.25908994674683,
          "vap@0.95": 19.82390433549881,
          "var@100": 91.30536317825317,
          "var@50": 90.61577916145325,
          "var@20": 89.651620388031,
          "var@10": 88.59859704971313,
          "epoch": 10,
          "duration": "0:06:50.874781"
        },
        {
          "loss": 0.03361354333659013,
          "ap": 99.40002090189178,
          "vloss": 0.0613528241915345,
          "vap@0.5": 95.82637548446655,
          "vap@0.75": 88.70208859443665,
          "vap@0.95": 27.523908019065857,
          "var@100": 91.88686609268188,
          "var@50": 91.28276705741882,
          "var@20": 90.37473797798157,
          "var@10": 89.42301869392395,
          "epoch": 11,
          "duration": "0:06:51.955184"
        },
        {
          "loss": 0.0316417991857582,
          "ap": 99.52191937270955,
          "vloss": 0.06022872274050123,
          "vap@0.5": 95.36893963813782,
          "vap@0.75": 87.86024451255798,
          "vap@0.95": 32.77450501918793,
          "var@100": 92.93123483657837,
          "var@50": 92.33466386795044,
          "var@20": 91.44697189331055,
          "var@10": 90.41202664375305,
          "epoch": 12,
          "duration": "0:06:48.248440"
        },
        {
          "loss": 0.030702356759428492,
          "ap": 99.5914764677897,
          "vloss": 0.06680411514098818,
          "vap@0.5": 95.48242092132568,
          "vap@0.75": 88.04747462272644,
          "vap@0.95": 32.25502967834473,
          "var@100": 92.54029393196106,
          "var@50": 91.98817014694214,
          "var@20": 91.16036295890808,
          "var@10": 90.01392126083374,
          "epoch": 13,
          "duration": "0:06:47.458896"
        },
        {
          "loss": 0.029847944500606235,
          "ap": 99.61882788683188,
          "vloss": 0.0621131278846496,
          "vap@0.5": 95.91453671455383,
          "vap@0.75": 89.93812203407288,
          "vap@0.95": 31.99540078639984,