{
  "config": {
    "device": "cuda",
    "logging": true,
    "disable_tqdm": true,
    "delete_ckpt": true,
    "seeds": [
      1234567891
    ],
    "epochs": 100,
    "patience": 10,
    "dataset": {
      "name": "lavdf",
      "backbone": "avhubert",
      "params": {
        "max_length": 512,
        "partition": "whole"
      }
    },
    "dataloader": {
      "batch_size": 64,
      "workers": 4
    },
    "model": {
      "type": {
        "reconstruction": "cnn",
        "encoder": "cnn"
      },
      "d_model": 128,
      "win_size": 15,
      "num_heads": 8,
      "operation": "subtraction",
      "reconstruction": {
        "nlayers": {
          "pre": 2,
          "downsample": 3,
          "upsample": 3,
          "post": 2
        },
        "modality": [
          "va"
        ]
      },
      "encoder": {
        "nlayers": {
          "retain": 2,
          "downsample": 2
        },
        "fpn": true
      },
      "conv": {
        "use_ln": true,
        "use_rl": true,
        "use_do": false
      },
      "dropout": {
        "main": 0.1,
        "head": 0.5
      }
    },
    "criterion": {
      "composition": [
        "focal",
        "diou",
        "rec"
      ],
      "params": {
        "alpha": 0.98,
        "gamma": 2
      }
    },
    "optimization": {
      "lr": 0.001,
      "scheduler": {
        "name": "reduceonplateau",
        "params": {}
      },
      "optimizer": {
        "name": "adam",
        "params": {}
      }
    }
  },
  "results": [
    {
      "seed": 1234567891,
      "training": [
        {
          "loss": 0.12260306274321506,
          "ap": 86.8403632451728,
          "vloss": 0.0684946896262754,
          "vap@0.5": 96.8146562576294,
          "vap@0.75": 83.86606574058533,
          "vap@0.95": 2.4206988513469696,
          "var@100": 86.60251498222351,
          "var@50": 85.6718897819519,
          "var@20": 84.44826006889343,
          "var@10": 83.05853009223938,
          "epoch": 1,
          "duration": "0:07:07.841335"
        },
        {
          "loss": 0.05827325934135332,
          "ap": 97.70643405831144,
          "vloss": 0.055160762413459664,
          "vap@0.5": 96.80070877075195,
          "vap@0.75": 86.9455099105835,
          "vap@0.95": 10.820715874433517,
          "var@100": 90.69863557815552,
          "var@50": 89.73184823989868,
          "var@20": 88.46866488456726,
          "var@10": 87.44236826896667,
          "epoch": 2,
          "duration": "0:06:50.590334"
        },
        {
          "loss": 0.04801985335543873,
          "ap": 98.38245996402549,
          "vloss": 0.051730438862864915,
          "vap@0.5": 97.54201769828796,
          "vap@0.75": 89.86700177192688,
          "vap@0.95": 17.94000267982483,
          "var@100": 92.02696681022644,
          "var@50": 91.37277603149414,
          "var@20": 90.53291082382202,
          "var@10": 89.38912153244019,
          "epoch": 3,
          "duration": "0:06:50.154553"
        },
        {
          "loss": 0.04223568164932776,
          "ap": 98.74692660389962,
          "vloss": 0.04677711254170894,
          "vap@0.5": 97.71878123283386,
          "vap@0.75": 91.24675393104553,
          "vap@0.95": 16.664625704288483,
          "var@100": 91.78140759468079,
          "var@50": 91.05340838432312,
          "var@20": 90.19546508789062,
          "var@10": 89.15675282478333,
          "epoch": 4,
          "duration": "0:06:43.328640"
        },
        {
          "loss": 0.03850926514109218,
          "ap": 98.9302514352998,
          "vloss": 0.04531880108824729,
          "vap@0.5": 98.0880618095398,
          "vap@0.75": 92.46981143951416,
          "vap@0.95": 27.868911623954773,
          "var@100": 92.47552156448364,
          "var@50": 91.9162392616272,
          "var@20": 91.21761322021484,
          "var@10": 90.41239619255066,
          "epoch": 5,
          "duration": "0:06:53.262317"
        },
        {
          "loss": 0.035408962060644374,
          "ap": 99.18160772175797,
          "vloss": 0.04348766605386749,
          "vap@0.5": 98.26937913894653,
          "vap@0.75": 93.25902462005615,
          "vap@0.95": 36.581361293792725,
          "var@100": 93.5703456401825,
          "var@50": 93.10409426689148,
          "var@20": 92.49887466430664,
          "var@10": 91.6868805885315,
          "epoch": 6,
          "duration": "0:06:47.043390"
        },
        {
          "loss": 0.03368174432648149,
          "ap": 99.31150575746373,
          "vloss": 0.043148436638362264,
          "vap@0.5": 98.17976951599121,
          "vap@0.75": 93.47571730613708,
          "vap@0.95": 30.51261305809021,
          "var@100": 93.20653676986694,
          "var@50": 92.70073771476746,
          "var@20": 91.98817014694214,
          "var@10": 91.20932817459106,
          "epoch": 7,
          "duration": "0:06:48.178488"
        },
        {
          "loss": 0.03200048376177627,
          "ap": 99.42452713228494,
          "vloss": 0.04459933772622693,
          "vap@0.5": 97.86810278892517,
          "vap@0.75": 93.08448433876038,
          "vap@0.95": 25.68546235561371,
          "var@100": 93.2249903678894,
          "var@50": 92.78472661972046,
          "var@20": 91.96745753288269,
          "var@10": 90.87300300598145,
          "epoch": 8,
          "duration": "0:06:57.982085"
        },
        {
          "loss": 0.030354917105438747,
          "ap": 99.54359165912282,
          "vloss": 0.04401460425969795,
          "vap@0.5": 97.92063236236572,
          "vap@0.75": 92.56187081336975,
          "vap@0.95": 32.732370495796204,
          "var@100": 92.60281324386597,
          "var@50": 91.94674491882324,
          "var@20": 91.11629724502563,
          "var@10": 90.14310836791992,
          "epoch": 9,
          "duration": "0:07:03.324353"
        },
        {
          "loss": 0.029140898271849968,
          "ap": 99.63273886986266,
          "vloss": 0.04450548664642154,
          "vap@0.5": 98.09435606002808,
          "vap@0.75": 94.01445388793945,
          "vap@0.95": 19.98206526041031,
          "var@100": 92.55762100219727,
          "var@50": 91.99835062026978,
          "var@20": 91.21158719062805,
          "var@10": 90.53329229354858,
          "epoch": 10,
          "duration": "0:06:53.249298"
        },
        {
          "loss": 0.027840903475577754,
          "ap": 99.71333479179123,
          "vloss": 0.04360784105125354,
          "vap@0.5": 98.06540012359619,
          "vap@0.75": 93.68863701820374,
          "vap@0.95": 27.80057191848755,
          "var@100": 93.25549006462097,
          "var@50": 92.7881121635437,
          "var@20": 92.17159152030945,
          "var@10": 91.32607579231262,
          "epoch": 11,
          "duration": "0:06:52.322449"
        },
        {
          "loss": 0.026631109958620575,
          "ap": 99.78691003401727,
          "vloss": 0.04568517230012838,
          "vap@0.5": 97.72461652755737,
          "vap@0.75": 93.69447827339172,
          "vap@0.95": 39.58362638950348,
          "var@100": 93.75075101852417,
          "var@50": 93.28864216804504,
          "var@20": 92.72672533988953,
          "var@10": 91.94072484970093,
          "epoch": 12,
          "duration": "0:06:48.423346"
        },
        {
          "loss": 0.026037891679329843,
          "ap": 99.80707877198637,
          "vloss": 0.04368917427533901,
          "vap@0.5": 97.9832112789154,
          "vap@0.75": 93.63460540771484,
          "vap@0.95": 39.90883827209473,
          "var@100": 93.42799186706543,
          "var@50": 92.95345544815063,
          "var@20": 92.31508374214172,
          "var@10": 91.43869280815125,
          "epoch": 13,
          "duration": "0:06:58.047778"
        },
        {
          "loss": 0.02528112930874151,
          "ap": 99.84398457493626,
          "vloss": 0.04785683808912491,
          "vap@0.5": 97.4733054637909,
          "vap@0.75": 93.57940554618835,
          "vap@0.95": 35.380902886390686,