{
  "config": {
    "device": "cuda",
    "logging": true,
    "disable_tqdm": true,
    "delete_ckpt": true,
    "seeds": [
      1234567891
    ],
    "epochs": 100,
    "patience": 10,
    "dataset": {
      "name": "lavdf",
      "backbone": "avhubert",
      "params": {
        "max_length": 512,
        "partition": "whole"
      }
    },
    "dataloader": {
      "batch_size": 64,
      "workers": 4
    },
    "model": {
      "type": {
        "reconstruction": "cnn",
        "encoder": "cnn"
      },
      "d_model": 128,
      "win_size": 15,
      "num_heads": 8,
      "operation": "subtraction",
      "reconstruction": {
        "nlayers": {
          "pre": 2,
          "downsample": 3,
          "upsample": 3,
          "post": 2
        },
        "modality": [
          "av",
          "va",
          "vv"
        ]
      },
      "encoder": {
        "nlayers": {
          "retain": 2,
          "downsample": 2
        },
        "fpn": true
      },
      "conv": {
        "use_ln": true,
        "use_rl": true,
        "use_do": false
      },
      "dropout": {
        "main": 0.1,
        "head": 0.5
      }
    },
    "criterion": {
      "composition": [
        "focal",
        "diou",
        "rec"
      ],
      "params": {
        "alpha": 0.98,
        "gamma": 2
      }
    },
    "optimization": {
      "lr": 0.001,
      "scheduler": {
        "name": "reduceonplateau",
        "params": {}
      },
      "optimizer": {
        "name": "adam",
        "params": {}
      }
    }
  },
  "results": [
    {
      "seed": 1234567891,
      "training": [
        {
          "loss": 0.15585403052893113,
          "ap": 89.28931231059653,
          "vloss": 0.10202566236559808,
          "vap@0.5": 96.38053774833679,
          "vap@0.75": 83.51617455482483,
          "vap@0.95": 8.381233364343643,
          "var@100": 86.88761591911316,
          "var@50": 86.22438311576843,
          "var@20": 84.97099876403809,
          "var@10": 83.59671831130981,
          "epoch": 1,
          "duration": "0:09:05.255118"
        },
        {
          "loss": 0.0901461329099124,
          "ap": 97.79562416727623,
          "vloss": 0.08514537480159173,
          "vap@0.5": 97.53188490867615,
          "vap@0.75": 89.39773440361023,
          "vap@0.95": 13.915948569774628,
          "var@100": 90.09491205215454,
          "var@50": 89.39930200576782,
          "var@20": 88.31236958503723,
          "var@10": 87.33956217765808,
          "epoch": 2,
          "duration": "0:09:00.056755"
        },
        {
          "loss": 0.07834829354613293,
          "ap": 98.53560305834836,
          "vloss": 0.08030033844540134,
          "vap@0.5": 98.06134104728699,
          "vap@0.75": 90.98741412162781,
          "vap@0.95": 8.396030962467194,
          "var@100": 90.69185256958008,
          "var@50": 90.02523422241211,
          "var@20": 88.95977735519409,
          "var@10": 87.74744272232056,
          "epoch": 3,
          "duration": "0:08:57.120821"
        },
        {
          "loss": 0.07123664531826489,
          "ap": 98.92469369006514,
          "vloss": 0.07426432156689752,
          "vap@0.5": 98.15745949745178,
          "vap@0.75": 93.1515097618103,
          "vap@0.95": 23.72625768184662,
          "var@100": 92.98734664916992,
          "var@50": 92.59980320930481,
          "var@20": 91.99607968330383,
          "var@10": 91.08052253723145,
          "epoch": 4,
          "duration": "0:09:05.337419"
        },
        {
          "loss": 0.06635237477598636,
          "ap": 99.14144668426873,
          "vloss": 0.07561351121620523,
          "vap@0.5": 98.1063187122345,
          "vap@0.75": 93.48714351654053,
          "vap@0.95": 31.93664848804474,
          "var@100": 93.80046725273132,
          "var@50": 93.37188005447388,
          "var@20": 92.64160990715027,
          "var@10": 91.68950915336609,
          "epoch": 5,
          "duration": "0:09:05.096525"
        },
        {
          "loss": 0.06453357662975304,
          "ap": 99.24988803232641,
          "vloss": 0.07110863038419951,
          "vap@0.5": 98.31406474113464,
          "vap@0.75": 93.02516579627991,
          "vap@0.95": 28.44100594520569,
          "var@100": 92.8980827331543,
          "var@50": 92.39190816879272,
          "var@20": 91.67858958244324,
          "var@10": 90.83232879638672,
          "epoch": 6,
          "duration": "0:08:59.976231"
        },
        {
          "loss": 0.0628710310845598,
          "ap": 99.33169801433819,
          "vloss": 0.07146876690716579,
          "vap@0.5": 98.47576022148132,
          "vap@0.75": 94.35025453567505,
          "vap@0.95": 15.442098677158356,
          "var@100": 93.39936375617981,
          "var@50": 92.9783046245575,
          "var@20": 92.204350233078,
          "var@10": 91.19312167167664,
          "epoch": 7,
          "duration": "0:09:01.150454"
        },
        {
          "loss": 0.0611764178921779,
          "ap": 99.42908010542226,
          "vloss": 0.07199932250211254,
          "vap@0.5": 98.35259914398193,
          "vap@0.75": 93.7833845615387,
          "vap@0.95": 11.8303082883358,
          "var@100": 92.03977584838867,
          "var@50": 91.47371053695679,
          "var@20": 90.6097412109375,
          "var@10": 89.5845890045166,
          "epoch": 8,
          "duration": "0:09:06.567118"
        },
        {
          "loss": 0.0603234195067146,
          "ap": 99.48968058988046,
          "vloss": 0.07334540450367434,
          "vap@0.5": 98.4718382358551,
          "vap@0.75": 94.47691440582275,
          "vap@0.95": 38.39513063430786,
          "var@100": 94.20307278633118,
          "var@50": 93.82344484329224,
          "var@20": 93.04647445678711,
          "var@10": 92.19003915786743,
          "epoch": 9,
          "duration": "0:09:06.776737"
        },
        {
          "loss": 0.05982219249736972,
          "ap": 99.49337380463447,
          "vloss": 0.07023629274891792,
          "vap@0.5": 98.4740138053894,
          "vap@0.75": 93.96845698356628,
          "vap@0.95": 36.75594925880432,
          "var@100": 93.91721487045288,
          "var@50": 93.48222613334656,
          "var@20": 92.73086786270142,
          "var@10": 91.8691635131836,
          "epoch": 10,
          "duration": "0:09:02.158534"
        },
        {
          "loss": 0.058242960030409865,
          "ap": 99.59184329549697,
          "vloss": 0.0692557432815342,
          "vap@0.5": 98.77429604530334,
          "vap@0.75": 95.10232210159302,
          "vap@0.95": 28.277146816253662,
          "var@100": 93.36735010147095,
          "var@50": 92.92030334472656,
          "var@20": 92.27402806282043,
          "var@10": 91.55129194259644,
          "epoch": 11,
          "duration": "0:09:04.696423"
        },
        {
          "loss": 0.05744805287993778,
          "ap": 99.64906236909532,
          "vloss": 0.06959827087864914,
          "vap@0.5": 98.59010577201843,
          "vap@0.75": 94.82410550117493,
          "vap@0.95": 39.98111188411713,
          "var@100": 94.50926780700684,
          "var@50": 94.08782720565796,
          "var@20": 93.5228943824768,
          "var@10": 92.64386892318726,
          "epoch": 12,
          "duration": "0:09:05.429836"
        },
        {
          "loss": 0.057535607261749784,
          "ap": 99.63319592653625,
          "vloss": 0.06749061430836546,
          "vap@0.5": 98.82413744926453,
          "vap@0.75": 95.01551985740662,
          "vap@0.95": 30.252420902252197,
          "var@100": 93.66940259933472,
          "var@50": 93.13347935676575,
          "var@20": 92.60621070861816,
          "var@10": 91.88460111618042,
          "epoch": 13,
          "duration": "0:09:03.829689"
        },
        {
          "loss": 0.05605581194253229,
          "ap": 99.73166682341666,
          "vloss": 0.07017020980164439,
          "vap@0.5": 98.65034818649292,
          "vap@0.75": 95.27568817138672,