{
  "config": {
    "device": "cuda",
    "logging": true,
    "disable_tqdm": true,
    "delete_ckpt": true,
    "seeds": [
      1234567891
    ],
    "epochs": 100,
    "patience": 10,
    "dataset": {
      "name": "lavdf",
      "backbone": "avhubert",
      "params": {
        "max_length": 512,
        "partition": "whole"
      }
    },
    "dataloader": {
      "batch_size": 64,
      "workers": 4
    },
    "model": {
      "type": {
        "reconstruction": "cnn",
        "encoder": "cnn"
      },
      "d_model": 128,
      "win_size": 15,
      "num_heads": 8,
      "operation": "subtraction",
      "reconstruction": {
        "nlayers": {
          "pre": 2,
          "downsample": 3,
          "upsample": 3,
          "post": 2
        },
        "modality": [
          "av",
          "aa",
          "vv"
        ]
      },
      "encoder": {
        "nlayers": {
          "retain": 2,
          "downsample": 2
        },
        "fpn": true
      },
      "conv": {
        "use_ln": true,
        "use_rl": true,
        "use_do": false
      },
      "dropout": {
        "main": 0.1,
        "head": 0.5
      }
    },
    "criterion": {
      "composition": [
        "focal",
        "diou",
        "rec"
      ],
      "params": {
        "alpha": 0.98,
        "gamma": 2
      }
    },
    "optimization": {
      "lr": 0.001,
      "scheduler": {
        "name": "reduceonplateau",
        "params": {}
      },
      "optimizer": {
        "name": "adam",
        "params": {}
      }
    }
  },
  "results": [
    {
      "seed": 1234567891,
      "training": [
        {
          "loss": 0.15545716651571476,
          "ap": 89.60826496480809,
          "vloss": 0.09977751850900496,
          "vap@0.5": 96.46960496902466,
          "vap@0.75": 84.92008447647095,
          "vap@0.95": 13.111984729766846,
          "var@100": 87.86532282829285,
          "var@50": 87.17459440231323,
          "var@20": 86.06846928596497,
          "var@10": 84.76424217224121,
          "epoch": 1,
          "duration": "0:07:23.362574"
        },
        {
          "loss": 0.09067651127593788,
          "ap": 97.74344794556445,
          "vloss": 0.08544010239035556,
          "vap@0.5": 97.37818837165833,
          "vap@0.75": 89.15538191795349,
          "vap@0.95": 14.987018704414368,
          "var@100": 91.04059934616089,
          "var@50": 90.35665392875671,
          "var@20": 89.34618830680847,
          "var@10": 88.33723068237305,
          "epoch": 2,
          "duration": "0:07:27.106883"
        },
        {
          "loss": 0.07876466991819017,
          "ap": 98.49862999824732,
          "vloss": 0.0802877334987416,
          "vap@0.5": 98.01596403121948,
          "vap@0.75": 91.64392948150635,
          "vap@0.95": 12.84973919391632,
          "var@100": 91.7222797870636,
          "var@50": 91.08730554580688,
          "var@20": 90.2432918548584,
          "var@10": 89.22792673110962,
          "epoch": 3,
          "duration": "0:07:24.262439"
        },
        {
          "loss": 0.07151930084739759,
          "ap": 98.89604985143893,
          "vloss": 0.0767820123923115,
          "vap@0.5": 97.94328808784485,
          "vap@0.75": 92.37660765647888,
          "vap@0.95": 32.16238617897034,
          "var@100": 93.50255727767944,
          "var@50": 92.89544224739075,
          "var@20": 91.98365211486816,
          "var@10": 91.17995500564575,
          "epoch": 4,
          "duration": "0:07:28.577302"
        },
        {
          "loss": 0.06688011706299414,
          "ap": 99.07989332159384,
          "vloss": 0.07616094784701571,
          "vap@0.5": 98.0787992477417,
          "vap@0.75": 93.12220811843872,
          "vap@0.95": 15.665391087532043,
          "var@100": 92.85365343093872,
          "var@50": 92.36478805541992,
          "var@20": 91.68649911880493,
          "var@10": 90.79955816268921,
          "epoch": 5,
          "duration": "0:07:23.442482"
        },
        {
          "loss": 0.06447913713934945,
          "ap": 99.22691724929355,
          "vloss": 0.0752220270252252,
          "vap@0.5": 98.14043641090393,
          "vap@0.75": 93.44342947006226,
          "vap@0.95": 38.225775957107544,
          "var@100": 94.42415237426758,
          "var@50": 94.02003288269043,
          "var@20": 93.41028332710266,
          "var@10": 92.57833361625671,
          "epoch": 6,
          "duration": "0:07:19.305899"
        },
        {
          "loss": 0.06277151144283816,
          "ap": 99.31804779172757,
          "vloss": 0.07085835881546351,
          "vap@0.5": 98.57552647590637,
          "vap@0.75": 94.5614755153656,
          "vap@0.95": 16.674239933490753,
          "var@100": 93.32893490791321,
          "var@50": 92.78661012649536,
          "var@20": 92.07329750061035,
          "var@10": 91.1520779132843,
          "epoch": 7,
          "duration": "0:07:20.793087"
        },
        {
          "loss": 0.06174887605617201,
          "ap": 99.37438432089422,
          "vloss": 0.06969283109353232,
          "vap@0.5": 98.57864379882812,
          "vap@0.75": 94.13999319076538,
          "vap@0.95": 26.633957028388977,
          "var@100": 92.86381602287292,
          "var@50": 92.39379167556763,
          "var@20": 91.67369604110718,
          "var@10": 90.90501666069031,
          "epoch": 8,
          "duration": "0:07:32.290083"
        },
        {
          "loss": 0.060387659643784286,
          "ap": 99.4676024162565,
          "vloss": 0.0710885244484001,
          "vap@0.5": 98.60525131225586,
          "vap@0.75": 95.05800008773804,
          "vap@0.95": 39.865800738334656,
          "var@100": 94.64409947395325,
          "var@50": 94.21625137329102,
          "var@20": 93.56621503829956,
          "var@10": 92.74894595146179,
          "epoch": 9,
          "duration": "0:07:32.250511"
        },
        {
          "loss": 0.059308443309330355,
          "ap": 99.52846922560487,
          "vloss": 0.07040742700862836,
          "vap@0.5": 98.74241948127747,
          "vap@0.75": 95.00954151153564,
          "vap@0.95": 22.15253859758377,
          "var@100": 93.04345846176147,
          "var@50": 92.61072278022766,
          "var@20": 91.90268516540527,
          "var@10": 90.99917411804199,
          "epoch": 10,
          "duration": "0:07:30.965551"
        },
        {
          "loss": 0.058427600167328266,
          "ap": 99.59943706483729,
          "vloss": 0.06835176481376072,
          "vap@0.5": 98.81147742271423,
          "vap@0.75": 95.20508646965027,
          "vap@0.95": 35.06271839141846,
          "var@100": 93.63211393356323,
          "var@50": 93.21632385253906,
          "var@20": 92.64236688613892,
          "var@10": 91.93582534790039,
          "epoch": 11,
          "duration": "0:07:31.190601"
        },
        {
          "loss": 0.058155240357770185,
          "ap": 99.59216594888922,
          "vloss": 0.0698241122051862,
          "vap@0.5": 98.67444038391113,
          "vap@0.75": 95.0283944606781,
          "vap@0.95": 22.9770228266716,
          "var@100": 93.34964752197266,
          "var@50": 92.91089177131653,
          "var@20": 92.27290153503418,
          "var@10": 91.41119122505188,
          "epoch": 12,
          "duration": "0:07:23.274906"
        },
        {
          "loss": 0.05745374661665864,
          "ap": 99.65062585740978,
          "vloss": 0.06989994114661555,
          "vap@0.5": 98.51858615875244,
          "vap@0.75": 94.31381821632385,
          "vap@0.95": 34.39919352531433,
          "var@100": 93.51272583007812,
          "var@50": 92.97302961349487,
          "var@20": 92.18212962150574,
          "var@10": 91.19651913642883,
          "epoch": 13,
          "duration": "0:07:29.869178"
        },
        {
          "loss": 0.05637701540670501,
          "ap": 99.72540866276447,
          "vloss": 0.07055489158987031,
          "vap@0.5": 98.67092370986938,
          "vap@0.75": 95.44758796691895,