{
  "config": {
    "device": "cuda",
    "logging": true,
    "disable_tqdm": true,
    "delete_ckpt": true,
    "seeds": [
      1234567891
    ],
    "epochs": 100,
    "patience": 10,
    "dataset": {
      "name": "lavdf",
      "backbone": "avhubert",
      "params": {
        "max_length": 512,
        "partition": "whole"
      }
    },
    "dataloader": {
      "batch_size": 64,
      "workers": 4
    },
    "model": {
      "type": {
        "reconstruction": "cnn",
        "encoder": "cnn"
      },
      "d_model": 128,
      "win_size": 15,
      "num_heads": 8,
      "operation": "subtraction",
      "reconstruction": {
        "nlayers": {
          "pre": 2,
          "downsample": 3,
          "upsample": 3,
          "post": 2
        },
        "modality": [
          "av",
          "vv"
        ]
      },
      "encoder": {
        "nlayers": {
          "retain": 2,
          "downsample": 2
        },
        "fpn": true
      },
      "conv": {
        "use_ln": true,
        "use_rl": true,
        "use_do": false
      },
      "dropout": {
        "main": 0.1,
        "head": 0.5
      }
    },
    "criterion": {
      "composition": [
        "focal",
        "diou",
        "rec"
      ],
      "params": {
        "alpha": 0.98,
        "gamma": 2
      }
    },
    "optimization": {
      "lr": 0.001,
      "scheduler": {
        "name": "reduceonplateau",
        "params": {}
      },
      "optimizer": {
        "name": "adam",
        "params": {}
      }
    }
  },
  "results": [
    {
      "seed": 1234567891,
      "training": [
        {
          "loss": 0.13858920112252235,
          "ap": 89.5331364144073,
          "vloss": 0.08821184874245894,
          "vap@0.5": 96.3486909866333,
          "vap@0.75": 85.11602878570557,
          "vap@0.95": 11.2790547311306,
          "var@100": 87.17837333679199,
          "var@50": 86.44583821296692,
          "var@20": 85.19057035446167,
          "var@10": 83.9145839214325,
          "epoch": 1,
          "duration": "0:07:27.028016"
        },
        {
          "loss": 0.07939757834968528,
          "ap": 97.34690460709979,
          "vloss": 0.07631690831171088,
          "vap@0.5": 97.22737073898315,
          "vap@0.75": 85.19173264503479,
          "vap@0.95": 8.13761055469513,
          "var@100": 88.28147649765015,
          "var@50": 87.6137375831604,
          "var@20": 86.20103597640991,
          "var@10": 84.73185300827026,
          "epoch": 2,
          "duration": "0:07:17.720138"
        },
        {
          "loss": 0.06796836466869204,
          "ap": 98.19973270465225,
          "vloss": 0.06704680033738425,
          "vap@0.5": 97.85838723182678,
          "vap@0.75": 90.27988314628601,
          "vap@0.95": 19.380749762058258,
          "var@100": 91.71249270439148,
          "var@50": 91.18183255195618,
          "var@20": 90.23538827896118,
          "var@10": 89.15712237358093,
          "epoch": 3,
          "duration": "0:07:00.561715"
        },
        {
          "loss": 0.06130326883337362,
          "ap": 98.64316503213153,
          "vloss": 0.06827695260455352,
          "vap@0.5": 97.65738248825073,
          "vap@0.75": 88.62590193748474,
          "vap@0.95": 15.844869613647461,
          "var@100": 91.63150787353516,
          "var@50": 91.03005528450012,
          "var@20": 90.09414911270142,
          "var@10": 89.0377402305603,
          "epoch": 4,
          "duration": "0:06:57.909341"
        },
        {
          "loss": 0.057612966152468345,
          "ap": 98.80358428912525,
          "vloss": 0.06725122316402306,
          "vap@0.5": 97.72995710372925,
          "vap@0.75": 91.55803918838501,
          "vap@0.95": 29.72106635570526,
          "var@100": 92.28608012199402,
          "var@50": 91.78856611251831,
          "var@20": 91.0481333732605,
          "var@10": 90.00075459480286,
          "epoch": 5,
          "duration": "0:06:49.810097"
        },
        {
          "loss": 0.053530107214441146,
          "ap": 99.04800917372918,
          "vloss": 0.06196064982585926,
          "vap@0.5": 97.90291786193848,
          "vap@0.75": 91.557377576828,
          "vap@0.95": 31.350931525230408,
          "var@100": 92.65328645706177,
          "var@50": 92.08308458328247,
          "var@20": 91.37729406356812,
          "var@10": 90.5031681060791,
          "epoch": 6,
          "duration": "0:07:09.062757"
        },
        {
          "loss": 0.05165147588293,
          "ap": 99.13002686785379,
          "vloss": 0.058469406648351985,
          "vap@0.5": 98.22862148284912,
          "vap@0.75": 93.15766096115112,
          "vap@0.95": 24.282708764076233,
          "var@100": 92.73576736450195,
          "var@50": 92.27590560913086,
          "var@20": 91.64282083511353,
          "var@10": 90.82742929458618,
          "epoch": 7,
          "duration": "0:07:05.838312"
        },
        {
          "loss": 0.04935014080710527,
          "ap": 99.26004026146344,
          "vloss": 0.05978037784930175,
          "vap@0.5": 98.14220070838928,
          "vap@0.75": 93.27266812324524,
          "vap@0.95": 26.173919439315796,
          "var@100": 92.80167818069458,
          "var@50": 92.2864556312561,
          "var@20": 91.56070947647095,
          "var@10": 90.63987731933594,
          "epoch": 8,
          "duration": "0:07:05.101281"
        },
        {
          "loss": 0.04753731238708748,
          "ap": 99.362595009053,
          "vloss": 0.05640516099170546,
          "vap@0.5": 98.375004529953,
          "vap@0.75": 93.40583086013794,
          "vap@0.95": 30.062395334243774,
          "var@100": 93.25173497200012,
          "var@50": 92.71429181098938,
          "var@20": 92.0002281665802,
          "var@10": 91.1302387714386,
          "epoch": 9,
          "duration": "0:07:09.162771"
        },
        {
          "loss": 0.04591247289312807,
          "ap": 99.44177239407406,
          "vloss": 0.05647238611449576,
          "vap@0.5": 98.47079515457153,
          "vap@0.75": 93.79029870033264,
          "vap@0.95": 18.22490245103836,
          "var@100": 92.49246716499329,
          "var@50": 91.80099368095398,
          "var@20": 90.94532132148743,
          "var@10": 90.02786874771118,
          "epoch": 10,
          "duration": "0:07:13.596289"
        },
        {
          "loss": 0.04556240240732829,
          "ap": 99.4434476602136,
          "vloss": 0.054461702394618464,
          "vap@0.5": 98.47673773765564,
          "vap@0.75": 93.75287294387817,
          "vap@0.95": 34.51571762561798,
          "var@100": 93.24458241462708,
          "var@50": 92.68868565559387,
          "var@20": 91.99005961418152,
          "var@10": 91.26543998718262,
          "epoch": 11,
          "duration": "0:07:06.607835"
        },
        {
          "loss": 0.04404419049681202,
          "ap": 99.54487632231937,
          "vloss": 0.05390651908686146,
          "vap@0.5": 98.53702783584595,
          "vap@0.75": 94.14284825325012,
          "vap@0.95": 37.02739179134369,
          "var@100": 94.05730962753296,
          "var@50": 93.64266395568848,
          "var@20": 92.99488067626953,
          "var@10": 92.24992990493774,
          "epoch": 12,
          "duration": "0:07:11.923363"
        },
        {
          "loss": 0.043439124951638826,
          "ap": 99.57820885711186,
          "vloss": 0.0559254286633181,
          "vap@0.5": 98.57422113418579,
          "vap@0.75": 95.04005312919617,
          "vap@0.95": 34.11177098751068,
          "var@100": 94.1477119922638,
          "var@50": 93.80875825881958,
          "var@20": 93.22236180305481,
          "var@10": 92.40245819091797,
          "epoch": 13,
          "duration": "0:07:11.001834"
        },
        {
          "loss": 0.042502064182142904,
          "ap": 99.63356270613032,
          "vloss": 0.05703943973108673,
          "vap@0.5": 98.49961996078491,
          "vap@0.75": 94.87661719322205,