{
  "config": {
    "device": "cuda",
    "logging": true,
    "disable_tqdm": true,
    "delete_ckpt": true,
    "seeds": [
      1234567891
    ],
    "epochs": 100,
    "patience": 10,
    "dataset": {
      "name": "lavdf",
      "backbone": "avhubert",
      "params": {
        "max_length": 512,
        "partition": "whole"
      }
    },
    "dataloader": {
      "batch_size": 64,
      "workers": 4
    },
    "model": {
      "type": {
        "reconstruction": "cnn",
        "encoder": "cnn"
      },
      "d_model": 128,
      "win_size": 15,
      "num_heads": 8,
      "operation": "subtraction",
      "reconstruction": {
        "nlayers": {
          "pre": 2,
          "downsample": 3,
          "upsample": 3,
          "post": 2
        },
        "modality": [
          "av",
          "va",
          "aa"
        ]
      },
      "encoder": {
        "nlayers": {
          "retain": 2,
          "downsample": 2
        },
        "fpn": true
      },
      "conv": {
        "use_ln": true,
        "use_rl": true,
        "use_do": false
      },
      "dropout": {
        "main": 0.1,
        "head": 0.5
      }
    },
    "criterion": {
      "composition": [
        "focal",
        "diou",
        "rec"
      ],
      "params": {
        "alpha": 0.98,
        "gamma": 2
      }
    },
    "optimization": {
      "lr": 0.001,
      "scheduler": {
        "name": "reduceonplateau",
        "params": {}
      },
      "optimizer": {
        "name": "adam",
        "params": {}
      }
    }
  },
  "results": [
    {
      "seed": 1234567891,
      "training": [
        {
          "loss": 0.1587311530682614,
          "ap": 89.24098051640446,
          "vloss": 0.1023189323155198,
          "vap@0.5": 96.88140749931335,
          "vap@0.75": 83.96071195602417,
          "vap@0.95": 4.980424419045448,
          "var@100": 86.32305860519409,
          "var@50": 85.64891815185547,
          "var@20": 84.5002293586731,
          "var@10": 83.06606411933899,
          "epoch": 1,
          "duration": "0:09:27.640696"
        },
        {
          "loss": 0.09056430710706768,
          "ap": 97.80021958338263,
          "vloss": 0.08584917956324668,
          "vap@0.5": 97.47955203056335,
          "vap@0.75": 90.0404691696167,
          "vap@0.95": 17.908920347690582,
          "var@100": 91.79948568344116,
          "var@50": 91.07901453971863,
          "var@20": 89.95668292045593,
          "var@10": 88.70065808296204,
          "epoch": 2,
          "duration": "0:09:28.027315"
        },
        {
          "loss": 0.07836943277256275,
          "ap": 98.53780021361615,
          "vloss": 0.07924888150777827,
          "vap@0.5": 97.92259335517883,
          "vap@0.75": 89.51129913330078,
          "vap@0.95": 19.60161179304123,
          "var@100": 92.01189875602722,
          "var@50": 91.31177067756653,
          "var@20": 90.39470553398132,
          "var@10": 89.32924270629883,
          "epoch": 3,
          "duration": "0:09:29.004995"
        },
        {
          "loss": 0.07168856074170368,
          "ap": 98.87569321898944,
          "vloss": 0.07650797859469002,
          "vap@0.5": 97.94246554374695,
          "vap@0.75": 93.04075241088867,
          "vap@0.95": 37.18457221984863,
          "var@100": 93.82004737854004,
          "var@50": 93.31952333450317,
          "var@20": 92.66797304153442,
          "var@10": 91.96783900260925,
          "epoch": 4,
          "duration": "0:09:28.197005"
        },
        {
          "loss": 0.06734516826284126,
          "ap": 99.08888365759053,
          "vloss": 0.07248240895947143,
          "vap@0.5": 98.22315573692322,
          "vap@0.75": 93.6444640159607,
          "vap@0.95": 35.17638146877289,
          "var@100": 93.62985491752625,
          "var@50": 93.03592443466187,
          "var@20": 92.33955144882202,
          "var@10": 91.59950017929077,
          "epoch": 5,
          "duration": "0:09:31.716618"
        },
        {
          "loss": 0.06452406547600176,
          "ap": 99.27848480497163,
          "vloss": 0.07344709853613353,
          "vap@0.5": 98.21178913116455,
          "vap@0.75": 93.86263489723206,
          "vap@0.95": 36.72403693199158,
          "var@100": 94.33563947677612,
          "var@50": 93.83285641670227,
          "var@20": 93.13158988952637,
          "var@10": 92.24578738212585,
          "epoch": 6,
          "duration": "0:09:31.070314"
        },
        {
          "loss": 0.06317909569517384,
          "ap": 99.3662837233798,
          "vloss": 0.07376590809401344,
          "vap@0.5": 98.1481671333313,
          "vap@0.75": 93.7502384185791,
          "vap@0.95": 19.7271928191185,
          "var@100": 93.13686490058899,
          "var@50": 92.52786636352539,
          "var@20": 91.70947074890137,
          "var@10": 90.7091736793518,
          "epoch": 7,
          "duration": "0:09:28.574718"
        },
        {
          "loss": 0.06197804284955912,
          "ap": 99.4499977461392,
          "vloss": 0.07330291227080517,
          "vap@0.5": 98.20922017097473,
          "vap@0.75": 93.77694725990295,
          "vap@0.95": 37.8665030002594,
          "var@100": 93.07209253311157,
          "var@50": 92.59942770004272,
          "var@20": 91.8510913848877,
          "var@10": 90.92121124267578,
          "epoch": 8,
          "duration": "0:09:29.556738"
        },
        {
          "loss": 0.06140652185048514,
          "ap": 99.49320900264294,
          "vloss": 0.07131798740695505,
          "vap@0.5": 98.58213067054749,
          "vap@0.75": 95.01509666442871,
          "vap@0.95": 42.69460737705231,
          "var@100": 94.63241696357727,
          "var@50": 94.13905143737793,
          "var@20": 93.45661401748657,
          "var@10": 92.62089729309082,
          "epoch": 9,
          "duration": "0:09:33.090183"
        },
        {
          "loss": 0.059946862464331514,
          "ap": 99.57781232525366,
          "vloss": 0.07198003486826501,
          "vap@0.5": 98.61952662467957,
          "vap@0.75": 94.79284286499023,
          "vap@0.95": 26.11446976661682,
          "var@100": 93.62760782241821,
          "var@50": 93.12894940376282,
          "var@20": 92.42919683456421,
          "var@10": 91.7004406452179,
          "epoch": 10,
          "duration": "0:09:30.636622"
        },
        {
          "loss": 0.059068996388071435,
          "ap": 99.62434242002797,
          "vloss": 0.07139051089754694,
          "vap@0.5": 98.66398572921753,
          "vap@0.75": 94.9667751789093,
          "vap@0.95": 38.63447904586792,
          "var@100": 93.65321397781372,
          "var@50": 93.27319264411926,
          "var@20": 92.72409677505493,
          "var@10": 92.01868176460266,
          "epoch": 11,
          "duration": "0:09:31.744366"
        },
        {
          "loss": 0.0582316490692821,
          "ap": 99.7272174326188,
          "vloss": 0.07311322564225167,
          "vap@0.5": 98.31677675247192,
          "vap@0.75": 94.20339465141296,
          "vap@0.95": 34.57625210285187,
          "var@100": 93.78916621208191,
          "var@50": 93.37940216064453,
          "var@20": 92.72748231887817,
          "var@10": 91.90381169319153,
          "epoch": 12,
          "duration": "0:09:30.181993"
        },
        {
          "loss": 0.0572138574837548,
          "ap": 99.78671676916109,
          "vloss": 0.0735323187114924,
          "vap@0.5": 98.50381016731262,
          "vap@0.75": 94.88838315010071,
          "vap@0.95": 37.666723132133484,
          "var@100": 94.16841268539429,
          "var@50": 93.66752505302429,
          "var@20": 93.05363893508911,
          "var@10": 92.23712086677551,
          "epoch": 13,
          "duration": "0:09:30.571354"
        },
        {
          "loss": 0.0564371510234669,
          "ap": 99.82825388888699,
          "vloss": 0.07495845264885537,
          "vap@0.5": 97.66726493835449,
          "vap@0.75": 92.53906011581421,