{
  "config": {
    "device": "cuda",
    "logging": true,
    "disable_tqdm": true,
    "delete_ckpt": true,
    "seeds": [
      1234567891
    ],
    "epochs": 100,
    "patience": 10,
    "dataset": {
      "name": "lavdf",
      "backbone": "avhubert",
      "params": {
        "max_length": 512,
        "partition": "whole"
      }
    },
    "dataloader": {
      "batch_size": 64,
      "workers": 4
    },
    "model": {
      "type": {
        "reconstruction": "cnn",
        "encoder": "cnn"
      },
      "d_model": 128,
      "win_size": 15,
      "num_heads": 8,
      "operation": "subtraction",
      "reconstruction": {
        "nlayers": {
          "pre": 2,
          "downsample": 3,
          "upsample": 3,
          "post": 2
        },
        "modality": [
          "av",
          "va",
          "aa",
          "vv"
        ]
      },
      "encoder": {
        "nlayers": {
          "retain": 2,
          "downsample": 2
        },
        "fpn": true
      },
      "conv": {
        "use_ln": true,
        "use_rl": true,
        "use_do": false
      },
      "dropout": {
        "main": 0.1,
        "head": 0.5
      }
    },
    "criterion": {
      "composition": [
        "focal",
        "diou",
        "rec"
      ],
      "params": {
        "alpha": 0.98,
        "gamma": 2
      }
    },
    "optimization": {
      "lr": 0.001,
      "scheduler": {
        "name": "reduceonplateau",
        "params": {}
      },
      "optimizer": {
        "name": "adam",
        "params": {}
      }
    }
  },
  "results": [
    {
      "seed": 1234567891,
      "training": [
        {
          "loss": 0.18738997381150238,
          "ap": 89.10852456505201,
          "vloss": 0.11296453751608518,
          "vap@0.5": 96.96829319000244,
          "vap@0.75": 86.41924858093262,
          "vap@0.95": 4.806150123476982,
          "var@100": 87.68078088760376,
          "var@50": 86.74562573432922,
          "var@20": 85.63912510871887,
          "var@10": 84.34656262397766,
          "epoch": 1,
          "duration": "0:08:08.363844"
        },
        {
          "loss": 0.10042195458237718,
          "ap": 97.9897554815276,
          "vloss": 0.0976441895275643,
          "vap@0.5": 97.30731248855591,
          "vap@0.75": 90.07604718208313,
          "vap@0.95": 23.062346875667572,
          "var@100": 91.75015687942505,
          "var@50": 90.84776639938354,
          "var@20": 89.71037864685059,
          "var@10": 88.88295292854309,
          "epoch": 2,
          "duration": "0:07:46.570268"
        },
        {
          "loss": 0.08916949087042149,
          "ap": 98.72376219637796,
          "vloss": 0.09165841767197933,
          "vap@0.5": 97.96615839004517,
          "vap@0.75": 92.34105944633484,
          "vap@0.95": 23.288744688034058,
          "var@100": 92.41036176681519,
          "var@50": 91.75843000411987,
          "var@20": 90.98222851753235,
          "var@10": 89.9374783039093,
          "epoch": 3,
          "duration": "0:07:49.332158"
        },
        {
          "loss": 0.08352791150592692,
          "ap": 99.03579619391716,
          "vloss": 0.08821636745158364,
          "vap@0.5": 97.65404462814331,
          "vap@0.75": 91.59201979637146,
          "vap@0.95": 19.016873836517334,
          "var@100": 92.36065149307251,
          "var@50": 91.77387356758118,
          "var@20": 90.94870686531067,
          "var@10": 90.0429368019104,
          "epoch": 4,
          "duration": "0:07:43.014982"
        },
        {
          "loss": 0.0801181710257036,
          "ap": 99.21591063307955,
          "vloss": 0.0880723050804941,
          "vap@0.5": 98.12213778495789,
          "vap@0.75": 93.57714653015137,
          "vap@0.95": 35.0750207901001,
          "var@100": 93.75451803207397,
          "var@50": 93.34174394607544,
          "var@20": 92.67324209213257,
          "var@10": 91.76672697067261,
          "epoch": 5,
          "duration": "0:07:37.898500"
        },
        {
          "loss": 0.07853444671727777,
          "ap": 99.30349560972624,
          "vloss": 0.08735060428871828,
          "vap@0.5": 98.32075238227844,
          "vap@0.75": 94.18982267379761,
          "vap@0.95": 43.07384490966797,
          "var@100": 94.4339394569397,
          "var@50": 94.04866099357605,
          "var@20": 93.5993492603302,
          "var@10": 93.00693273544312,
          "epoch": 6,
          "duration": "0:07:36.641354"
        },
        {
          "loss": 0.07669767037155183,
          "ap": 99.44761955629254,
          "vloss": 0.08515839728301969,
          "vap@0.5": 98.38752746582031,
          "vap@0.75": 93.84639859199524,
          "vap@0.95": 21.58053368330002,
          "var@100": 92.98244714736938,
          "var@50": 92.35349893569946,
          "var@20": 91.74751043319702,
          "var@10": 90.93702435493469,
          "epoch": 7,
          "duration": "0:07:29.844750"
        },
        {
          "loss": 0.0758857571890926,
          "ap": 99.50325181808975,
          "vloss": 0.08603176799495128,
          "vap@0.5": 98.21975827217102,
          "vap@0.75": 93.2778000831604,
          "vap@0.95": 22.074149549007416,
          "var@100": 92.77380108833313,
          "var@50": 92.14785695075989,
          "var@20": 91.50948524475098,
          "var@10": 90.57924151420593,
          "epoch": 8,
          "duration": "0:07:26.973846"
        },
        {
          "loss": 0.0742165403985759,
          "ap": 99.63001514380736,
          "vloss": 0.08604073686181411,
          "vap@0.5": 98.227059841156,
          "vap@0.75": 93.50998997688293,
          "vap@0.95": 34.41778123378754,
          "var@100": 93.75301599502563,
          "var@50": 93.24871897697449,
          "var@20": 92.69697070121765,
          "var@10": 92.01189875602722,
          "epoch": 9,
          "duration": "0:07:29.100524"
        },
        {
          "loss": 0.07351367917759874,
          "ap": 99.68037941379599,
          "vloss": 0.08563112260482858,
          "vap@0.5": 98.45779538154602,
          "vap@0.75": 94.64073777198792,
          "vap@0.95": 34.60392653942108,
          "var@100": 94.01249885559082,
          "var@50": 93.53457689285278,
          "var@20": 92.98321008682251,
          "var@10": 92.25783348083496,
          "epoch": 10,
          "duration": "0:07:32.139843"
        },
        {
          "loss": 0.07199613370637341,
          "ap": 99.77198849833638,
          "vloss": 0.08782967483779722,
          "vap@0.5": 98.21723103523254,
          "vap@0.75": 94.25156116485596,
          "vap@0.95": 27.216866612434387,
          "var@100": 93.72965693473816,
          "var@50": 93.21293830871582,
          "var@20": 92.58963465690613,
          "var@10": 91.82133674621582,
          "epoch": 11,
          "duration": "0:07:36.155197"
        },
        {
          "loss": 0.07083912673974183,
          "ap": 99.82650323025081,
          "vloss": 0.08702576299468112,
          "vap@0.5": 97.89736866950989,
          "vap@0.75": 93.87561082839966,
          "vap@0.95": 33.39846432209015,
          "var@100": 94.28178668022156,
          "var@50": 93.88068318367004,
          "var@20": 93.38166117668152,
          "var@10": 92.72785186767578,
          "epoch": 12,
          "duration": "0:07:04.106501"
        },
        {
          "loss": 0.06974654422118896,
          "ap": 99.86869671078684,
          "vloss": 0.08697972281951208,
          "vap@0.5": 98.10737371444702,
          "vap@0.75": 93.8850462436676,
          "vap@0.95": 30.270323157310486,
          "var@100": 94.10966634750366,
          "var@50": 93.51235628128052,
          "var@20": 92.6939606666565,
          "var@10": 91.70646667480469,
          "epoch": 13,
          "duration": "0:07:06.283897"
        },
        {
          "loss": 0.06943303799271826,
          "ap": 99.88414898195803,
          "vloss": 0.09135229024907639,
          "vap@0.5": 97.89290428161621,
          "vap@0.75": 94.28907632827759,