{
  "config": {
    "device": "cuda",
    "logging": true,
    "disable_tqdm": true,
    "delete_ckpt": true,
    "seeds": [
      1234567891
    ],
    "epochs": 100,
    "patience": 10,
    "dataset": {
      "name": "lavdf",
      "backbone": "avhubert",
      "params": {
        "max_length": 512,
        "partition": "whole"
      }
    },
    "dataloader": {
      "batch_size": 64,
      "workers": 4
    },
    "model": {
      "type": {
        "reconstruction": "cnn",
        "encoder": "cnn"
      },
      "d_model": 128,
      "win_size": 15,
      "num_heads": 8,
      "operation": "subtraction",
      "reconstruction": {
        "nlayers": {
          "pre": 2,
          "downsample": 3,
          "upsample": 3,
          "post": 2
        },
        "modality": [
          "av",
          "va"
        ]
      },
      "encoder": {
        "nlayers": {
          "retain": 2,
          "downsample": 2
        },
        "fpn": true
      },
      "conv": {
        "use_ln": true,
        "use_rl": true,
        "use_do": false
      },
      "dropout": {
        "main": 0.1,
        "head": 0.5
      }
    },
    "criterion": {
      "composition": [
        "focal",
        "diou",
        "rec"
      ],
      "params": {
        "alpha": 0.98,
        "gamma": 2
      }
    },
    "optimization": {
      "lr": 0.001,
      "scheduler": {
        "name": "reduceonplateau",
        "params": {}
      },
      "optimizer": {
        "name": "adam",
        "params": {}
      }
    }
  },
  "results": [
    {
      "seed": 1234567891,
      "training": [
        {
          "loss": 0.1375202701222606,
          "ap": 89.66872954124646,
          "vloss": 0.08321227260976728,
          "vap@0.5": 96.75085544586182,
          "vap@0.75": 86.51255965232849,
          "vap@0.95": 11.313506960868835,
          "var@100": 88.28788995742798,
          "var@50": 87.6408576965332,
          "var@20": 86.53472065925598,
          "var@10": 85.35966873168945,
          "epoch": 1,
          "duration": "0:08:05.153435"
        },
        {
          "loss": 0.0741742565137584,
          "ap": 97.82954919830655,
          "vloss": 0.06899881094663912,
          "vap@0.5": 97.27468490600586,
          "vap@0.75": 89.50649499893188,
          "vap@0.95": 19.361302256584167,
          "var@100": 91.68989062309265,
          "var@50": 90.92121124267578,
          "var@20": 89.84030485153198,
          "var@10": 88.85507583618164,
          "epoch": 2,
          "duration": "0:07:58.404489"
        },
        {
          "loss": 0.06321919069178705,
          "ap": 98.52131056794437,
          "vloss": 0.06558000494331181,
          "vap@0.5": 97.81767725944519,
          "vap@0.75": 91.37187004089355,
          "vap@0.95": 20.932583510875702,
          "var@100": 92.00663566589355,
          "var@50": 91.50797724723816,
          "var@20": 90.76604843139648,
          "var@10": 89.89303708076477,
          "epoch": 3,
          "duration": "0:08:00.263077"
        },
        {
          "loss": 0.0565288229323015,
          "ap": 98.908883308173,
          "vloss": 0.060471746231793876,
          "vap@0.5": 98.00877571105957,
          "vap@0.75": 92.5851047039032,
          "vap@0.95": 19.58218812942505,
          "var@100": 92.64311790466309,
          "var@50": 92.05633997917175,
          "var@20": 91.23643636703491,
          "var@10": 90.29715657234192,
          "epoch": 4,
          "duration": "0:07:59.176973"
        },
        {
          "loss": 0.05202871209722224,
          "ap": 99.08536625483806,
          "vloss": 0.05949073556893737,
          "vap@0.5": 98.10512661933899,
          "vap@0.75": 93.52079629898071,
          "vap@0.95": 34.76179838180542,
          "var@100": 94.04715299606323,
          "var@50": 93.59784126281738,
          "var@20": 92.88190007209778,
          "var@10": 92.05219149589539,
          "epoch": 5,
          "duration": "0:07:59.707598"
        },
        {
          "loss": 0.049249948868603725,
          "ap": 99.25404488814755,
          "vloss": 0.057088515598470495,
          "vap@0.5": 98.15530180931091,
          "vap@0.75": 93.72082948684692,
          "vap@0.95": 33.19278657436371,
          "var@100": 93.94998550415039,
          "var@50": 93.58052015304565,
          "var@20": 92.84988641738892,
          "var@10": 92.02658534049988,
          "epoch": 6,
          "duration": "0:08:02.018845"
        },
        {
          "loss": 0.04734044615785039,
          "ap": 99.3480912966256,
          "vloss": 0.055713977256665125,
          "vap@0.5": 98.42351078987122,
          "vap@0.75": 93.94974112510681,
          "vap@0.95": 25.66731870174408,
          "var@100": 92.90750622749329,
          "var@50": 92.3862636089325,
          "var@20": 91.69893264770508,
          "var@10": 90.97657203674316,
          "epoch": 7,
          "duration": "0:08:01.864802"
        },
        {
          "loss": 0.04590673643974512,
          "ap": 99.45488206099697,
          "vloss": 0.054868661347043685,
          "vap@0.5": 98.66190552711487,
          "vap@0.75": 94.27339434623718,
          "vap@0.95": 18.576139211654663,
          "var@100": 92.58925318717957,
          "var@50": 91.95164442062378,
          "var@20": 91.1558449268341,
          "var@10": 90.29603004455566,
          "epoch": 8,
          "duration": "0:08:03.612067"
        },
        {
          "loss": 0.04462922047520798,
          "ap": 99.55132391424517,
          "vloss": 0.056626787140935234,
          "vap@0.5": 98.27805757522583,
          "vap@0.75": 94.15470361709595,
          "vap@0.95": 40.73116481304169,
          "var@100": 94.26671862602234,
          "var@50": 93.70442628860474,
          "var@20": 92.78057813644409,
          "var@10": 91.81493520736694,
          "epoch": 9,
          "duration": "0:08:03.927658"
        },
        {
          "loss": 0.044009303439378256,
          "ap": 99.57455380545855,
          "vloss": 0.05530313675199271,
          "vap@0.5": 98.8191306591034,
          "vap@0.75": 95.01509666442871,
          "vap@0.95": 23.68793487548828,
          "var@100": 93.90667080879211,
          "var@50": 93.4249758720398,
          "var@20": 92.71731376647949,
          "var@10": 91.85032844543457,
          "epoch": 10,
          "duration": "0:08:02.417686"
        },
        {
          "loss": 0.04273068762225349,
          "ap": 99.67201489850919,
          "vloss": 0.055188436431405995,
          "vap@0.5": 98.69533181190491,
          "vap@0.75": 94.87462043762207,
          "vap@0.95": 31.170111894607544,
          "var@100": 93.76619458198547,
          "var@50": 93.31123232841492,
          "var@20": 92.64310598373413,
          "var@10": 91.8243408203125,
          "epoch": 11,
          "duration": "0:08:02.127319"
        },
        {
          "loss": 0.04209514531965663,
          "ap": 99.7155866507435,
          "vloss": 0.05591757264570097,
          "vap@0.5": 98.5717236995697,
          "vap@0.75": 94.49695944786072,
          "vap@0.95": 24.571774899959564,
          "var@100": 93.1700050830841,
          "var@50": 92.69546270370483,
          "var@20": 91.92226529121399,
          "var@10": 91.0601794719696,
          "epoch": 12,
          "duration": "0:07:59.674205"
        },
        {
          "loss": 0.04037241423426847,
          "ap": 99.81225355994525,
          "vloss": 0.05649925772909219,
          "vap@0.5": 98.1823742389679,
          "vap@0.75": 93.64782571792603,
          "vap@0.95": 30.75462281703949,
          "var@100": 93.56018304824829,
          "var@50": 93.09881925582886,
          "var@20": 92.34822392463684,
          "var@10": 91.48237109184265,
          "epoch": 13,
          "duration": "0:07:59.180945"
        },
        {
          "loss": 0.03997177073838023,
          "ap": 99.82066541283173,
          "vloss": 0.0581370044771665,
          "vap@0.5": 98.38147759437561,
          "vap@0.75": 94.99291777610779,