{
  "config": {
    "device": "cuda",
    "logging": true,
    "disable_tqdm": true,
    "delete_ckpt": true,
    "seeds": [
      1234567891
    ],
    "epochs": 100,
    "patience": 10,
    "dataset": {
      "name": "lavdf",
      "backbone": "avhubert",
      "params": {
        "max_length": 512,
        "partition": "whole"
      }
    },
    "dataloader": {
      "batch_size": 64,
      "workers": 4
    },
    "model": {
      "type": {
        "reconstruction": "cnn",
        "encoder": "cnn"
      },
      "d_model": 128,
      "win_size": 15,
      "num_heads": 8,
      "operation": "subtraction",
      "reconstruction": {
        "nlayers": {
          "pre": 2,
          "downsample": 3,
          "upsample": 3,
          "post": 2
        },
        "modality": [
          "av",
          "aa"
        ]
      },
      "encoder": {
        "nlayers": {
          "retain": 2,
          "downsample": 2
        },
        "fpn": true
      },
      "conv": {
        "use_ln": true,
        "use_rl": true,
        "use_do": false
      },
      "dropout": {
        "main": 0.1,
        "head": 0.5
      }
    },
    "criterion": {
      "composition": [
        "focal",
        "diou",
        "rec"
      ],
      "params": {
        "alpha": 0.98,
        "gamma": 2
      }
    },
    "optimization": {
      "lr": 0.001,
      "scheduler": {
        "name": "reduceonplateau",
        "params": {}
      },
      "optimizer": {
        "name": "adam",
        "params": {}
      }
    }
  },
  "results": [
    {
      "seed": 1234567891,
      "training": [
        {
          "loss": 0.13371475894094967,
          "ap": 90.26279115103695,
          "vloss": 0.08601640613700506,
          "vap@0.5": 96.91311717033386,
          "vap@0.75": 84.29479598999023,
          "vap@0.95": 2.921156957745552,
          "var@100": 84.91977453231812,
          "var@50": 84.18876528739929,
          "var@20": 82.81522989273071,
          "var@10": 81.51815533638,
          "epoch": 1,
          "duration": "0:07:42.984839"
        },
        {
          "loss": 0.07303344560105626,
          "ap": 97.8835571215033,
          "vloss": 0.07083676917890264,
          "vap@0.5": 97.21061587333679,
          "vap@0.75": 90.39775729179382,
          "vap@0.95": 22.06825613975525,
          "var@100": 92.48794317245483,
          "var@50": 91.98441505432129,
          "var@20": 91.03646278381348,
          "var@10": 89.98531103134155,
          "epoch": 2,
          "duration": "0:07:36.478058"
        },
        {
          "loss": 0.061843733877185884,
          "ap": 98.60972433841503,
          "vloss": 0.06446992986765643,
          "vap@0.5": 97.85999655723572,
          "vap@0.75": 90.92609882354736,
          "vap@0.95": 24.02651011943817,
          "var@100": 92.75760650634766,
          "var@50": 92.20170974731445,
          "var@20": 91.22174978256226,
          "var@10": 89.98454809188843,
          "epoch": 3,
          "duration": "0:07:32.810707"
        },
        {
          "loss": 0.05555885036483528,
          "ap": 98.92940452762087,
          "vloss": 0.06271778611545631,
          "vap@0.5": 97.73904085159302,
          "vap@0.75": 91.68281555175781,
          "vap@0.95": 28.506815433502197,
          "var@100": 92.89131164550781,
          "var@50": 92.42317080497742,
          "var@20": 91.5697455406189,
          "var@10": 90.57057499885559,
          "epoch": 4,
          "duration": "0:07:32.374620"
        },
        {
          "loss": 0.0521040564009208,
          "ap": 99.03729656970953,
          "vloss": 0.057210696237747376,
          "vap@0.5": 98.29703569412231,
          "vap@0.75": 93.72875690460205,
          "vap@0.95": 26.885950565338135,
          "var@100": 92.75572896003723,
          "var@50": 92.42016077041626,
          "var@20": 91.86050295829773,
          "var@10": 91.04738235473633,
          "epoch": 5,
          "duration": "0:07:28.553723"
        },
        {
          "loss": 0.0489498406058041,
          "ap": 99.2634343568326,
          "vloss": 0.057655846726519584,
          "vap@0.5": 98.37868213653564,
          "vap@0.75": 94.28187012672424,
          "vap@0.95": 41.687002778053284,
          "var@100": 94.29270625114441,
          "var@50": 93.93755793571472,
          "var@20": 93.32555532455444,
          "var@10": 92.64274835586548,
          "epoch": 6,
          "duration": "0:07:27.941727"
        },
        {
          "loss": 0.04725153715599601,
          "ap": 99.37587260767395,
          "vloss": 0.05657308858500049,
          "vap@0.5": 98.5562801361084,
          "vap@0.75": 94.35660243034363,
          "vap@0.95": 29.848095774650574,
          "var@100": 93.00052523612976,
          "var@50": 92.61336326599121,
          "var@20": 91.99608564376831,
          "var@10": 91.12834930419922,
          "epoch": 7,
          "duration": "0:07:27.916444"
        },
        {
          "loss": 0.04604310220243727,
          "ap": 99.4505653856176,
          "vloss": 0.05438416928022677,
          "vap@0.5": 98.5608160495758,
          "vap@0.75": 94.65675354003906,
          "vap@0.95": 40.65788388252258,
          "var@100": 93.94734501838684,
          "var@50": 93.63362193107605,
          "var@20": 93.10184717178345,
          "var@10": 92.32826232910156,
          "epoch": 8,
          "duration": "0:07:26.473627"
        },
        {
          "loss": 0.04540247107606109,
          "ap": 99.47143690440538,
          "vloss": 0.055980521633949044,
          "vap@0.5": 98.63895773887634,
          "vap@0.75": 94.98482942581177,
          "vap@0.95": 41.60739481449127,
          "var@100": 93.73418092727661,
          "var@50": 93.4441864490509,
          "var@20": 92.93123483657837,
          "var@10": 92.20021367073059,
          "epoch": 9,
          "duration": "0:07:27.847884"
        },
        {
          "loss": 0.044088253693852,
          "ap": 99.57777919334883,
          "vloss": 0.05484248956941204,
          "vap@0.5": 98.65878224372864,
          "vap@0.75": 94.5840060710907,
          "vap@0.95": 32.17312395572662,
          "var@100": 93.74586343765259,
          "var@50": 93.39485168457031,
          "var@20": 92.70676374435425,
          "var@10": 91.90268516540527,
          "epoch": 10,
          "duration": "0:07:28.695600"
        },
        {
          "loss": 0.04337223403579821,
          "ap": 99.6272844907507,
          "vloss": 0.05408809428116492,
          "vap@0.5": 98.75243902206421,
          "vap@0.75": 94.756019115448,
          "vap@0.95": 35.10322868824005,
          "var@100": 93.74963045120239,
          "var@50": 93.24570894241333,
          "var@20": 92.59265065193176,
          "var@10": 91.8669044971466,
          "epoch": 11,
          "duration": "0:07:28.836764"
        },
        {
          "loss": 0.04244806826932401,
          "ap": 99.69515898868913,
          "vloss": 0.05556073049593407,
          "vap@0.5": 98.70917201042175,
          "vap@0.75": 95.27428150177002,
          "vap@0.95": 38.5846883058548,
          "var@100": 94.17106509208679,
          "var@50": 93.87692213058472,
          "var@20": 93.36397051811218,
          "var@10": 92.63935089111328,
          "epoch": 12,
          "duration": "0:07:31.484278"
        },
        {
          "loss": 0.04107419250578415,
          "ap": 99.78489397629114,
          "vloss": 0.057775687184524825,
          "vap@0.5": 98.1245756149292,
          "vap@0.75": 94.40160393714905,
          "vap@0.95": 29.619809985160828,
          "var@100": 93.5812771320343,
          "var@50": 93.16586256027222,
          "var@20": 92.36780405044556,
          "var@10": 91.37842059135437,
          "epoch": 13,
          "duration": "0:07:31.707218"
        },
        {
          "loss": 0.04025181530088913,
          "ap": 99.82640987088509,
          "vloss": 0.058648838973311336,
          "vap@0.5": 98.44827651977539,
          "vap@0.75": 95.05435824394226,