{
  "config": {
    "device": "cuda",
    "logging": true,
    "disable_tqdm": true,
    "delete_ckpt": true,
    "seeds": [
      1234567891
    ],
    "epochs": 100,
    "patience": 10,
    "dataset": {
      "name": "lavdf",
      "backbone": "avhubert",
      "params": {
        "max_length": 512,
        "partition": "whole"
      }
    },
    "dataloader": {
      "batch_size": 64,
      "workers": 4
    },
    "model": {
      "type": {
        "reconstruction": "cnn",
        "encoder": "cnn"
      },
      "d_model": 128,
      "win_size": 15,
      "num_heads": 8,
      "operation": "subtraction",
      "reconstruction": {
        "nlayers": {
          "pre": 2,
          "downsample": 3,
          "upsample": 3,
          "post": 2
        },
        "modality": [
          "av"
        ]
      },
      "encoder": {
        "nlayers": {
          "retain": 2,
          "downsample": 2
        },
        "fpn": true
      },
      "conv": {
        "use_ln": true,
        "use_rl": true,
        "use_do": false
      },
      "dropout": {
        "main": 0.1,
        "head": 0.5
      }
    },
    "criterion": {
      "composition": [
        "focal",
        "diou",
        "rec"
      ],
      "params": {
        "alpha": 0.98,
        "gamma": 2
      }
    },
    "optimization": {
      "lr": 0.001,
      "scheduler": {
        "name": "reduceonplateau",
        "params": {}
      },
      "optimizer": {
        "name": "adam",
        "params": {}
      }
    }
  },
  "results": [
    {
      "seed": 1234567891,
      "training": [
        {
          "loss": 0.12632323882989283,
          "ap": 89.97736168293746,
          "vloss": 0.07574549606013249,
          "vap@0.5": 96.4548408985138,
          "vap@0.75": 82.4705183506012,
          "vap@0.95": 6.781335920095444,
          "var@100": 86.2601637840271,
          "var@50": 85.2429211139679,
          "var@20": 83.58579874038696,
          "var@10": 82.21715688705444,
          "epoch": 1,
          "duration": "0:14:40.309131"
        },
        {
          "loss": 0.065317223884347,
          "ap": 97.3173578058817,
          "vloss": 0.06069061840916502,
          "vap@0.5": 96.9532310962677,
          "vap@0.75": 83.46184492111206,
          "vap@0.95": 3.766411915421486,
          "var@100": 88.567715883255,
          "var@50": 87.64650225639343,
          "var@20": 86.25979423522949,
          "var@10": 84.71377491950989,
          "epoch": 2,
          "duration": "0:14:34.185837"
        },
        {
          "loss": 0.05306485357383887,
          "ap": 98.18639713969296,
          "vloss": 0.05149487971231855,
          "vap@0.5": 97.68052101135254,
          "vap@0.75": 89.5736575126648,
          "vap@0.95": 18.974559009075165,
          "var@100": 91.64093136787415,
          "var@50": 91.04135632514954,
          "var@20": 90.19848108291626,
          "var@10": 89.10854458808899,
          "epoch": 3,
          "duration": "0:14:35.674043"
        },
        {
          "loss": 0.04563721219698588,
          "ap": 98.67326972304654,
          "vloss": 0.049579735063243105,
          "vap@0.5": 97.59929180145264,
          "vap@0.75": 88.96405100822449,
          "vap@0.95": 26.149147748947144,
          "var@100": 92.5787091255188,
          "var@50": 92.06613302230835,
          "var@20": 91.32381677627563,
          "var@10": 90.374356508255,
          "epoch": 4,
          "duration": "0:15:10.459275"
        },
        {
          "loss": 0.04175728684730404,
          "ap": 98.88397351950337,
          "vloss": 0.04916209328549387,
          "vap@0.5": 97.54138588905334,
          "vap@0.75": 91.079843044281,
          "vap@0.95": 17.615769803524017,
          "var@100": 92.43409037590027,
          "var@50": 91.77274703979492,
          "var@20": 90.83986282348633,
          "var@10": 89.71527814865112,
          "epoch": 5,
          "duration": "0:13:57.183226"
        },
        {
          "loss": 0.03907308187638599,
          "ap": 99.03752343191736,
          "vloss": 0.046292274952327746,
          "vap@0.5": 97.90027141571045,
          "vap@0.75": 91.38374924659729,
          "vap@0.95": 31.04429543018341,
          "var@100": 93.12105178833008,
          "var@50": 92.70941019058228,
          "var@20": 92.06575155258179,
          "var@10": 91.23531579971313,
          "epoch": 6,
          "duration": "0:14:39.605632"
        },
        {
          "loss": 0.036115066018106975,
          "ap": 99.18475800134647,
          "vloss": 0.04458063068982916,
          "vap@0.5": 97.90303707122803,
          "vap@0.75": 92.5452470779419,
          "vap@0.95": 25.672614574432373,
          "var@100": 92.75760650634766,
          "var@50": 92.28193163871765,
          "var@20": 91.6300117969513,
          "var@10": 90.75286984443665,
          "epoch": 7,
          "duration": "0:13:31.128310"
        },
        {
          "loss": 0.03411948236568672,
          "ap": 99.27227549560618,
          "vloss": 0.0444470536847869,
          "vap@0.5": 98.10571074485779,
          "vap@0.75": 91.99275970458984,
          "vap@0.95": 16.481497883796692,
          "var@100": 91.78517460823059,
          "var@50": 91.23493432998657,
          "var@20": 90.44402837753296,
          "var@10": 89.56538438796997,
          "epoch": 8,
          "duration": "0:13:54.645341"
        },
        {
          "loss": 0.03244520741234708,
          "ap": 99.39881504569134,
          "vloss": 0.04134633940310193,
          "vap@0.5": 97.74865508079529,
          "vap@0.75": 92.45458245277405,
          "vap@0.95": 37.85351812839508,
          "var@100": 93.67278814315796,
          "var@50": 93.2430624961853,
          "var@20": 92.58662462234497,
          "var@10": 91.7573094367981,
          "epoch": 9,
          "duration": "0:14:05.699908"
        },
        {
          "loss": 0.031084608168500227,
          "ap": 99.48268487273508,
          "vloss": 0.043226188245185974,
          "vap@0.5": 98.05899858474731,
          "vap@0.75": 93.4399664402008,
          "vap@0.95": 21.885859966278076,
          "var@100": 93.01596879959106,
          "var@50": 92.50301122665405,
          "var@20": 91.75655245780945,
          "var@10": 91.13098382949829,
          "epoch": 10,
          "duration": "0:13:52.883981"
        },
        {
          "loss": 0.02983325034440533,
          "ap": 99.56842842609815,
          "vloss": 0.040411090281835434,
          "vap@0.5": 98.22851419448853,
          "vap@0.75": 93.15458536148071,
          "vap@0.95": 31.824520230293274,
          "var@100": 93.22423934936523,
          "var@50": 92.77944564819336,
          "var@20": 92.16330647468567,
          "var@10": 91.38067960739136,
          "epoch": 11,
          "duration": "0:13:50.660232"
        },
        {
          "loss": 0.028772863470078482,
          "ap": 99.62720502074994,
          "vloss": 0.041276378553307805,
          "vap@0.5": 98.2134759426117,
          "vap@0.75": 93.41775178909302,
          "vap@0.95": 32.04886615276337,
          "var@100": 92.90223121643066,
          "var@50": 92.57041811943054,
          "var@20": 91.94034337997437,
          "var@10": 91.02891683578491,
          "epoch": 12,
          "duration": "0:14:11.485262"
        },
        {
          "loss": 0.027450051394904532,
          "ap": 99.71141333123302,
          "vloss": 0.043218879312518645,
          "vap@0.5": 98.31589460372925,
          "vap@0.75": 94.48391795158386,
          "vap@0.95": 37.418001890182495,
          "var@100": 93.40049624443054,
          "var@50": 93.06455850601196,
          "var@20": 92.58248209953308,
          "var@10": 91.920006275177,
          "epoch": 13,
          "duration": "0:13:53.080897"
        },
        {
          "loss": 0.026433172178401694,
          "ap": 99.76751174335612,
          "vloss": 0.045054757540656395,
          "vap@0.5": 97.83337116241455,
          "vap@0.75": 93.25097799301147,
          "vap@0.95": 33.78555476665497,