{
  "config": {
    "device": "cuda",
    "logging": true,
    "disable_tqdm": true,
    "delete_ckpt": true,
    "seeds": [
      1234567891
    ],
    "epochs": 100,
    "patience": 10,
    "dataset": {
      "name": "lavdf",
      "backbone": "avhubert",
      "params": {
        "max_length": 512,
        "partition": "whole"
      }
    },
    "dataloader": {
      "batch_size": 64,
      "workers": 4
    },
    "model": {
      "type": {
        "reconstruction": "cnn",
        "encoder": "cnn"
      },
      "d_model": 128,
      "win_size": 15,
      "num_heads": 8,
      "operation": "multiplication",
      "reconstruction": {
        "nlayers": {
          "pre": 2,
          "downsample": 3,
          "upsample": 3,
          "post": 2
        },
        "modality": [
          "av",
          "aa",
          "vv"
        ]
      },
      "encoder": {
        "nlayers": {
          "retain": 2,
          "downsample": 2
        },
        "fpn": true
      },
      "conv": {
        "use_ln": true,
        "use_rl": true,
        "use_do": false
      },
      "dropout": {
        "main": 0.1,
        "head": 0.5
      }
    },
    "criterion": {
      "composition": [
        "focal",
        "diou",
        "rec"
      ],
      "params": {
        "alpha": 0.98,
        "gamma": 2
      }
    },
    "optimization": {
      "lr": 0.001,
      "scheduler": {
        "name": "reduceonplateau",
        "params": {}
      },
      "optimizer": {
        "name": "adam",
        "params": {}
      }
    }
  },
  "results": [
    {
      "seed": 1234567891,
      "training": [
        {
          "loss": 0.4813416048399801,
          "ap": 91.20904813254053,
          "vloss": 0.4308210032525459,
          "vap@0.5": 96.7989981174469,
          "vap@0.75": 81.72938227653503,
          "vap@0.95": 1.688021793961525,
          "var@100": 86.79082989692688,
          "var@50": 85.97091436386108,
          "var@20": 84.91865396499634,
          "var@10": 83.62156748771667,
          "epoch": 1,
          "duration": "0:08:07.356952"
        },
        {
          "loss": 0.42789118163953954,
          "ap": 97.88785778892705,
          "vloss": 0.413944566981304,
          "vap@0.5": 97.01429009437561,
          "vap@0.75": 89.09810781478882,
          "vap@0.95": 19.423672556877136,
          "var@100": 91.4364218711853,
          "var@50": 90.58865308761597,
          "var@20": 89.31115865707397,
          "var@10": 88.24871778488159,
          "epoch": 2,
          "duration": "0:07:29.153342"
        },
        {
          "loss": 0.4164064415102083,
          "ap": 98.65557836250791,
          "vloss": 0.4080964339250967,
          "vap@0.5": 97.775137424469,
          "vap@0.75": 90.62579274177551,
          "vap@0.95": 16.314883530139923,
          "var@100": 91.50948524475098,
          "var@50": 90.92497825622559,
          "var@20": 89.81658816337585,
          "var@10": 88.70216608047485,
          "epoch": 3,
          "duration": "0:07:21.456216"
        },
        {
          "loss": 0.41075263057297806,
          "ap": 98.95981505362501,
          "vloss": 0.40826432820991376,
          "vap@0.5": 97.55270481109619,
          "vap@0.75": 92.42360591888428,
          "vap@0.95": 36.89590394496918,
          "var@100": 93.82381439208984,
          "var@50": 93.44795346260071,
          "var@20": 92.7817165851593,
          "var@10": 91.7810320854187,
          "epoch": 4,
          "duration": "0:07:21.503265"
        },
        {
          "loss": 0.40649818465477083,
          "ap": 99.18919554108767,
          "vloss": 0.40426526087171893,
          "vap@0.5": 97.95415997505188,
          "vap@0.75": 92.80702471733093,
          "vap@0.95": 32.30862617492676,
          "var@100": 92.99675822257996,
          "var@50": 92.49736666679382,
          "var@20": 91.81380271911621,
          "var@10": 91.00030064582825,
          "epoch": 5,
          "duration": "0:07:20.925656"
        },
        {
          "loss": 0.4036336306270545,
          "ap": 99.29517268691599,
          "vloss": 0.39982697364645603,
          "vap@0.5": 98.21293950080872,
          "vap@0.75": 93.59005689620972,
          "vap@0.95": 34.8764032125473,
          "var@100": 93.4720516204834,
          "var@50": 93.04081797599792,
          "var@20": 92.45065450668335,
          "var@10": 91.61984324455261,
          "epoch": 6,
          "duration": "0:07:17.311478"
        },
        {
          "loss": 0.4001839387949889,
          "ap": 99.39632473813796,
          "vloss": 0.40021738917784083,
          "vap@0.5": 98.20020198822021,
          "vap@0.75": 93.89633536338806,
          "vap@0.95": 30.144059658050537,
          "var@100": 93.26642155647278,
          "var@50": 92.93726086616516,
          "var@20": 92.29850769042969,
          "var@10": 91.49782061576843,
          "epoch": 7,
          "duration": "0:07:25.448738"
        },
        {
          "loss": 0.3968810314570016,
          "ap": 99.49008939862006,
          "vloss": 0.39640227356135965,
          "vap@0.5": 98.17239046096802,
          "vap@0.75": 93.76175999641418,
          "vap@0.95": 25.060123205184937,
          "var@100": 93.1165337562561,
          "var@50": 92.70261526107788,
          "var@20": 92.11660623550415,
          "var@10": 91.2929356098175,
          "epoch": 8,
          "duration": "0:07:17.658675"
        },
        {
          "loss": 0.39353961967598133,
          "ap": 99.53733976907567,
          "vloss": 0.39169795315478445,
          "vap@0.5": 98.3372151851654,
          "vap@0.75": 93.69835257530212,
          "vap@0.95": 32.97770917415619,
          "var@100": 93.22010278701782,
          "var@50": 92.76589155197144,
          "var@20": 92.20548868179321,
          "var@10": 91.5200412273407,
          "epoch": 9,
          "duration": "0:07:10.532831"
        },
        {
          "loss": 0.39092644308883,
          "ap": 99.58363902715666,
          "vloss": 0.39356533279283534,
          "vap@0.5": 98.295658826828,
          "vap@0.75": 93.53982210159302,
          "vap@0.95": 17.916463315486908,
          "var@100": 92.76212453842163,
          "var@50": 92.25783348083496,
          "var@20": 91.50234460830688,
          "var@10": 90.54346084594727,
          "epoch": 10,
          "duration": "0:07:02.392009"
        },
        {
          "loss": 0.38838118532808813,
          "ap": 99.65133028695968,
          "vloss": 0.3893091549556589,
          "vap@0.5": 98.25330972671509,
          "vap@0.75": 93.72061491012573,
          "vap@0.95": 31.340312957763672,
          "var@100": 93.18920969963074,
          "var@50": 92.7233338356018,
          "var@20": 91.99495315551758,
          "var@10": 91.04586839675903,
          "epoch": 11,
          "duration": "0:07:05.498269"
        },
        {
          "loss": 0.38501455949816277,
          "ap": 99.73613405642891,
          "vloss": 0.3879730981032215,
          "vap@0.5": 98.40945601463318,
          "vap@0.75": 94.47674751281738,
          "vap@0.95": 37.087419629096985,
          "var@100": 93.38995218276978,
          "var@50": 93.03329586982727,
          "var@20": 92.52786636352539,
          "var@10": 91.81680679321289,
          "epoch": 12,
          "duration": "0:07:09.159717"
        },
        {
          "loss": 0.38231679577895294,
          "ap": 99.8018659643357,
          "vloss": 0.38820022949098815,
          "vap@0.5": 98.23544025421143,
          "vap@0.75": 94.39238905906677,
          "vap@0.95": 34.911951422691345,
          "var@100": 93.64718198776245,
          "var@50": 93.21407079696655,
          "var@20": 92.63144731521606,
          "var@10": 91.89779162406921,
          "epoch": 13,
          "duration": "0:07:01.647071"
        },
        {
          "loss": 0.3801802184402458,
          "ap": 99.83994959980129,
          "vloss": 0.38593694331921624,
          "vap@0.5": 98.36320877075195,
          "vap@0.75": 94.42379474639893,